-- phpMyAdmin SQL Dump
-- version 5.2.2
-- https://www.phpmyadmin.net/
--
-- Host: 127.0.0.1:3306
-- Generation Time: Apr 01, 2026 at 10:18 AM
-- Server version: 11.8.6-MariaDB-log
-- PHP Version: 7.2.34

SET SQL_MODE = "NO_AUTO_VALUE_ON_ZERO";
START TRANSACTION;
SET time_zone = "+00:00";


/*!40101 SET @OLD_CHARACTER_SET_CLIENT=@@CHARACTER_SET_CLIENT */;
/*!40101 SET @OLD_CHARACTER_SET_RESULTS=@@CHARACTER_SET_RESULTS */;
/*!40101 SET @OLD_COLLATION_CONNECTION=@@COLLATION_CONNECTION */;
/*!40101 SET NAMES utf8mb4 */;

--
-- Database: `u261509590_askvisa_group`
--

-- --------------------------------------------------------

--
-- Table structure for table `admins`
--

CREATE TABLE `admins` (
  `id` int(11) NOT NULL,
  `username` varchar(50) NOT NULL,
  `password` varchar(255) NOT NULL
) ENGINE=InnoDB DEFAULT CHARSET=utf8mb4 COLLATE=utf8mb4_unicode_ci;

--
-- Dumping data for table `admins`
--

INSERT INTO `admins` (`id`, `username`, `password`) VALUES
(1, 'admin', '$2y$10$V2ggTe32SCqrhL3anjc8Le2GfrStzijZ9PPWuNlNwIbEyDDp3mKDe');

-- --------------------------------------------------------

--
-- Table structure for table `applicants`
--

CREATE TABLE `applicants` (
  `id` bigint(20) NOT NULL,
  `order_id` bigint(20) NOT NULL,
  `applicant_no` int(11) NOT NULL,
  `applicant_email` varchar(255) DEFAULT NULL,
  `applicant_phone` varchar(20) DEFAULT NULL,
  `visa_status` varchar(50) DEFAULT 'submitted',
  `created_at` timestamp NULL DEFAULT current_timestamp()
) ENGINE=InnoDB DEFAULT CHARSET=utf8mb4 COLLATE=utf8mb4_unicode_ci;

--
-- Dumping data for table `applicants`
--

INSERT INTO `applicants` (`id`, `order_id`, `applicant_no`, `applicant_email`, `applicant_phone`, `visa_status`, `created_at`) VALUES
(1, 1, 1, 'rahul.sharma@example.com', '+91-9876543210', 'submitted', '2026-01-13 09:24:30'),
(2, 2, 1, 'alice.kumar@example.com', '+91-9876543212', 'submitted', '2026-01-13 09:24:30'),
(3, 2, 2, 'bob.singh@example.com', '+91-9876543213', 'submitted', '2026-01-13 09:24:30'),
(4, 3, 1, NULL, NULL, 'submitted', '2026-01-16 10:34:36'),
(5, 4, 1, NULL, NULL, 'submitted', '2026-01-16 11:16:51'),
(6, 5, 1, NULL, NULL, 'submitted', '2026-01-19 06:16:58'),
(7, 7, 1, 'jadams@email.com', '+91 1234567890', 'submitted', '2026-01-19 07:07:16'),
(8, 8, 1, 'jmama@email.com', '+91 9876543210', 'submitted', '2026-01-19 08:26:21'),
(9, 9, 1, 'Hjane@email.com', '+91 1256789843', 'submitted', '2026-01-19 08:42:33'),
(10, 10, 1, 'alex.sharma@testmail.com', '+919876543210', 'submitted', '2026-01-19 10:04:20'),
(11, 11, 1, 'ankit.verma76@mailtest.com', '9550597135', 'submitted', '2026-01-19 10:10:30'),
(12, 11, 2, 'ankit.singh57@mailtest.com', '9160250950', 'submitted', '2026-01-19 10:10:30'),
(13, 11, 3, 'daniel.singh63@mailtest.com', '9875768665', 'submitted', '2026-01-19 10:10:30'),
(14, 12, 1, 'd', 'eqc', 'submitted', '2026-01-20 07:42:41'),
(16, 14, 1, 'qwd', 'qwd', 'submitted', '2026-01-20 09:27:56'),
(17, 15, 1, 'qe', 'ef', 'submitted', '2026-01-20 09:48:38'),
(18, 16, 1, '313', '6135465', 'submitted', '2026-01-20 10:02:04'),
(19, 17, 1, 'qwd', 'wdqwd', 'submitted', '2026-01-20 11:15:52'),
(20, 18, 1, 'ERGER', 'ER', 'submitted', '2026-01-20 16:35:05'),
(21, 19, 1, 'abcde@gmail.com', '63146354', 'submitted', '2026-01-21 06:36:47'),
(23, 21, 1, 'gadams@email.com', '+91 0987654321', 'submitted', '2026-01-21 08:06:27'),
(24, 22, 1, 'gfresh@email.com', '+91 9873450923', 'submitted', '2026-01-21 09:26:00'),
(25, 23, 1, 'f', 'qwedqw', 'submitted', '2026-01-21 13:13:54'),
(26, 24, 1, 'abc@gmail.com', '9645685465', 'submitted', '2026-01-22 07:32:07'),
(27, 25, 1, 'abcde@gmail.com', '56465343', 'submitted', '2026-01-22 07:52:28'),
(28, 26, 1, 'abc@gmai.com', '6464646313', 'submitted', '2026-01-22 08:23:22'),
(29, 27, 1, 'abc@gmail.com', '564364366', 'submitted', '2026-01-22 09:02:39'),
(30, 28, 1, 'abc@gmail.com', '+91 7664644663', 'submitted', '2026-01-22 09:39:14'),
(31, 29, 1, 'gajsdhf@kljsadn.com', '0986543211', 'submitted', '2026-01-22 10:27:09'),
(32, 30, 1, 'Tjames@email.com', '0987654321', 'submitted', '2026-01-22 10:33:59'),
(33, 31, 1, 'abcd@gmail.com', '3163541464386', 'submitted', '2026-01-22 15:59:01'),
(34, 32, 1, 'Jhead@email.com', '0987654321', 'submitted', '2026-01-23 07:55:56'),
(35, 33, 1, 'jshin@email.com', '1234567890', 'submitted', '2026-01-23 10:09:19'),
(36, 34, 1, 'kc@email.com', '1234567890', 'submitted', '2026-01-23 10:37:05'),
(37, 35, 1, 'abcdemilan@gmail.com', '7867412369', 'submitted', '2026-01-23 10:42:20'),
(38, 36, 1, 'abc@hmail.com', '789632547', 'submitted', '2026-01-23 11:12:29'),
(39, 37, 1, 'jmorris@email.com', '0987654321', 'submitted', '2026-01-27 06:20:46'),
(40, 38, 1, 'fmay@email.com', '1234567890', 'submitted', '2026-01-27 08:26:03'),
(41, 39, 1, 'jhay@email.com', '1234567890', 'submitted', '2026-01-27 09:09:37'),
(42, 40, 1, 'gcurls@email.com', '0987654321', 'submitted', '2026-01-27 09:42:35'),
(43, 41, 1, 'aajoe@gmail.com', '7894561235', 'submitted', '2026-01-27 10:59:39'),
(44, 41, 2, 'aash@gmail.com', '1234567895', 'submitted', '2026-01-27 10:59:39'),
(45, 41, 3, 'aaali@gmail.com', '8400000005', 'submitted', '2026-01-27 10:59:39'),
(46, 42, 1, 'dktm@email.com', '0987654321', 'submitted', '2026-01-28 06:12:27'),
(47, 43, 1, 'fkruger@email.com', '6666666666', 'submitted', '2026-01-28 06:52:44'),
(48, 44, 1, 'jrenner@email.com', '1234567890', 'submitted', '2026-01-28 07:17:53'),
(49, 45, 1, 'parth@rvl.com', '0987654321', 'submitted', '2026-01-28 07:40:41'),
(50, 45, 2, 'Raval@gmail.com', '1234567890', 'submitted', '2026-01-28 07:40:41'),
(51, 46, 1, 'ghell@email.com', '1234567890', 'submitted', '2026-01-28 07:57:22'),
(52, 46, 2, 'rhell@email.com', '1234567890', 'submitted', '2026-01-28 07:57:22'),
(53, 47, 1, 'jhead@email.com', '1234567890', 'submitted', '2026-01-28 09:04:23'),
(54, 47, 2, 'jenhead@email.com', '0987654321', 'submitted', '2026-01-28 09:04:23'),
(55, 48, 1, 'gtems@email.com', '0987654321', 'submitted', '2026-01-28 09:51:41'),
(56, 49, 1, 'fmonster@email.com', '0987654321', 'submitted', '2026-01-28 10:20:59'),
(57, 50, 1, 'tidiot@email.com', '1234567890', 'submitted', '2026-01-28 10:35:52'),
(58, 51, 1, 'abcde@gmail.com', '7894561236', 'submitted', '2026-01-29 06:34:37'),
(59, 51, 2, 'mILAN@gmail.com', '7963214564', 'submitted', '2026-01-29 06:34:37'),
(60, 52, 1, 'yhim@email.com', '0987654321', 'submitted', '2026-01-29 07:48:16'),
(61, 53, 1, 'abcd@gmail.com', '7896321584', 'submitted', '2026-01-29 08:37:07'),
(62, 54, 1, 'abc@gmail.com', '789652489', 'submitted', '2026-01-29 11:35:06'),
(63, 55, 1, 'AS@gmail.com', '7896128563', 'submitted', '2026-01-30 06:26:23'),
(64, 56, 1, 'milan@gmail.com', '795456566', 'submitted', '2026-01-30 06:55:39'),
(65, 57, 1, 'AS@gmail.com', '789635459', 'submitted', '2026-01-30 07:37:09'),
(66, 58, 1, 'AS@gmail.com', '789453206', 'submitted', '2026-01-30 07:42:32'),
(67, 59, 1, 'asdf@n.com', '478962145', 'submitted', '2026-01-30 12:37:31'),
(68, 60, 1, 'fgh@gmail.com', '123456780', 'submitted', '2026-01-31 06:39:25'),
(69, 63, 1, 'ft@email.com', '1234567890', 'submitted', '2026-02-02 06:14:33'),
(70, 66, 1, 'sdf@er.com', '1234567890', 'completed', '2026-02-02 07:13:39'),
(71, 67, 1, 'ac@gmail.com', '789545632', 'submitted', '2026-02-02 07:30:25'),
(72, 68, 1, 'dde@sadf.com', '1234567890', 'completed', '2026-02-02 07:53:22'),
(73, 70, 1, 'agc@gmail.com', '7895453266', 'submitted', '2026-02-02 07:56:10'),
(74, 71, 1, 'gdf@xfs.com', '1234567890', 'completed', '2026-02-02 08:15:31'),
(75, 72, 1, 'asd@gmail.com', '789541232', 'submitted', '2026-02-02 09:24:41'),
(76, 73, 1, 'WERT@gmail.com', '7895426854', 'submitted', '2026-02-02 09:59:34'),
(77, 74, 1, 'ghj@ghj.com', '1234567890', 'completed', '2026-02-02 10:32:37'),
(78, 75, 1, 'jhorn@email.com', '1234567890', 'completed', '2026-02-02 11:00:46'),
(79, 76, 1, 'asd@gmail.com', '7898456324', 'completed', '2026-02-02 11:26:09'),
(80, 77, 1, 'XCVBN@gmail.com', '789628525', 'submitted', '2026-02-02 11:38:28'),
(81, 78, 1, 'XCVBN@gmail.com', '789628525', 'completed', '2026-02-02 11:38:29'),
(82, 79, 1, 'zdee@email.com', '1234567890', 'completed', '2026-02-03 05:51:42'),
(83, 80, 1, 'sd@gmail.com', '745521565', 'completed', '2026-02-03 08:23:49'),
(84, 81, 1, 'jh@vt.com', '1234567890', 'submitted', '2026-02-03 09:29:24'),
(85, 82, 1, 'jblue@email.com', '1234567890', 'submitted', '2026-02-03 09:41:23'),
(86, 83, 1, 'oyella@email.com', '0987654321', 'submitted', '2026-02-03 10:07:47'),
(87, 84, 1, 'asdf@gmail.comk', '789545652', 'submitted', '2026-02-03 10:13:22'),
(88, 85, 1, 'ksfd@fs.com', '1234567890', 'submitted', '2026-02-03 10:44:16'),
(89, 86, 1, 'dlskf@gmail.com', '1234567890', 'submitted', '2026-02-03 10:47:02'),
(90, 87, 1, 'sdfkl@skdjf.com', '987905235', 'submitted', '2026-02-03 13:25:33'),
(91, 88, 1, 'jdoe@email.com', '1234567890', 'submitted', '2026-02-04 05:50:17'),
(92, 89, 1, 'asd@gmail.com', '789854569', 'submitted', '2026-02-04 06:39:13'),
(93, 90, 1, 'skfj@gmail.com', '1234567890', 'pending', '2026-02-04 08:20:57'),
(94, 91, 1, 'Applicant1@gmail.com', '1234567890', 'pending', '2026-02-04 10:17:06'),
(95, 92, 1, 'applicant1@gmail.com', '1234567890', 'submitted', '2026-02-05 07:03:38'),
(96, 93, 1, 'SD@gmail.com', '789852365', 'submitted', '2026-02-05 11:19:05'),
(97, 94, 1, 'applicant@gmail.com', '1234567890', 'submitted', '2026-02-06 07:12:48'),
(98, 95, 1, 'applicant@gmail.com', '1234567890', 'submitted', '2026-02-06 07:13:44'),
(99, 96, 1, 'sdF@gmail.com', '789652885', 'submitted', '2026-02-09 06:53:32'),
(100, 97, 1, 'Applicant@gmail.com', '1234567890', 'pending', '2026-02-13 11:11:11'),
(101, 98, 1, 'asldkjf@mgial.com', '123456789', 'pending', '2026-02-17 11:54:25'),
(102, 99, 1, 'alsdfkj@mial.com', '123456789', 'pending', '2026-02-17 12:01:48'),
(103, 100, 1, 'sdfg@gmail.ckm', '78956212321', 'submitted', '2026-02-19 11:04:24'),
(104, 101, 1, 'sdf@gmail.com', '78965123265', 'submitted', '2026-02-23 06:04:36'),
(105, 102, 1, 'realme11119412@gmail.com', '7895456515', 'submitted', '2026-02-23 11:08:20'),
(106, 103, 1, 'realme11119412@gmail.com', '7895456545', 'submitted', '2026-02-23 11:21:11'),
(107, 104, 1, 'kjsdfh@sdkljg.com', '1234567890', 'submitted', '2026-02-23 15:42:27'),
(108, 105, 1, 'realme11119412@gmail.com', '7898545654', 'submitted', '2026-02-24 07:01:55'),
(109, 106, 1, 'realme11119412@gmail.com', '4785456256', 'submitted', '2026-02-24 07:17:44'),
(110, 107, 1, 'gauravrajuthakur@gmail.com', '7896529856', 'submitted', '2026-02-24 08:59:48'),
(111, 108, 1, 'realme11119412@gmail.com', '7898458695', 'submitted', '2026-02-24 10:09:41'),
(112, 109, 1, 'milanpandavadra84@gmail.com', '78945655465', 'submitted', '2026-02-24 11:20:58'),
(113, 110, 1, 'realme11119412@gmail.com', '7898545656', 'submitted', '2026-02-25 07:34:31'),
(114, 111, 1, 'realme11119412@gmail.com', '78545625323', 'submitted', '2026-02-25 07:54:19'),
(115, 112, 1, 'realme11119412@gmail.com', '7898589656', 'submitted', '2026-02-25 08:04:35'),
(116, 113, 1, 'applicant@gmail.com', '1234567890', 'submitted', '2026-02-25 08:33:56'),
(117, 114, 1, 'a@gmail.com', '1234567890', 'submitted', '2026-02-25 08:58:45'),
(118, 115, 1, 'APP@gmial.com', '1023910293', 'submitted', '2026-02-25 09:29:44'),
(119, 116, 1, 'realme11119412@gmail.com', '1234567890', 'submitted', '2026-02-25 11:15:52'),
(120, 117, 1, 'a@gmail.com', '1293488882', 'submitted', '2026-02-26 07:09:53'),
(121, 118, 1, 'realme11119412@gmail.com', '7898546256', 'submitted', '2026-02-26 07:15:47'),
(122, 119, 1, 'lme11119412@gmail.com', '78521545541', 'submitted', '2026-02-26 07:26:29'),
(123, 120, 1, 'gauravrajuthakur@gmail.com', '78984565444', 'submitted', '2026-02-26 07:32:01'),
(124, 121, 1, 'realme11119412@gmail.com', '78545212314', 'submitted', '2026-02-26 07:57:33'),
(125, 122, 1, 'realme11119412@gmail.com', '78985456526', 'submitted', '2026-02-26 08:10:06'),
(126, 123, 1, 'realme11119412@gmail.com', '7854754554', 'submitted', '2026-02-26 08:18:43'),
(127, 124, 1, 'a@gmail.com', '1234567890', 'submitted', '2026-02-26 09:08:02'),
(128, 125, 1, 'realme11119142@gmail.com', '1234567890', 'submitted', '2026-02-26 09:31:15'),
(129, 126, 1, 'gauravrajuthakur@gmail.com', '1234567890', 'submitted', '2026-02-26 09:46:02'),
(130, 127, 1, 'gauravrajuthakur@gmail.com', '1234567890', 'submitted', '2026-02-26 09:49:16'),
(131, 128, 1, 'realme11119142@gmail.com', '1234567890', 'submitted', '2026-02-26 10:22:49'),
(132, 129, 1, 'alispatel123098@gmail.com', '8511231514', 'submitted', '2026-02-26 10:37:07'),
(133, 130, 1, 'gauravrajuthakur@gmail.com', '1234567890', 'submitted', '2026-02-27 06:07:34'),
(134, 131, 1, 'asinghvns99@gmail.com', '7880789486', 'submitted', '2026-03-05 19:02:41'),
(135, 132, 1, 'realme11119412@gmail.com', '0987654321', 'submitted', '2026-03-10 10:42:35'),
(136, 133, 1, 'realme11119142@gmail.com', '1234567890', 'submitted', '2026-03-12 09:59:37'),
(137, 134, 1, 'realme11119142@gmail.com', '1234567890', 'submitted', '2026-03-13 09:25:24'),
(138, 135, 1, 'realme11119412@gmail.com', '4257186299', 'submitted', '2026-03-18 06:31:29'),
(139, 136, 1, 'realme11119412@gmail.com', '1234567890', 'submitted', '2026-03-31 10:18:59');

-- --------------------------------------------------------

--
-- Table structure for table `applicant_answers`
--

CREATE TABLE `applicant_answers` (
  `id` bigint(20) NOT NULL,
  `order_id` bigint(20) NOT NULL,
  `applicant_id` bigint(20) NOT NULL,
  `question_id` int(11) NOT NULL,
  `answer_type` enum('text','date','number','select','file') NOT NULL,
  `answer_text` text DEFAULT NULL,
  `created_at` timestamp NULL DEFAULT current_timestamp()
) ENGINE=InnoDB DEFAULT CHARSET=utf8mb4 COLLATE=utf8mb4_unicode_ci;

--
-- Dumping data for table `applicant_answers`
--

INSERT INTO `applicant_answers` (`id`, `order_id`, `applicant_id`, `question_id`, `answer_type`, `answer_text`, `created_at`) VALUES
(1, 1, 1, 1, 'text', 'Rahul', '2026-01-13 09:24:30'),
(2, 1, 1, 2, 'text', 'Sharma', '2026-01-13 09:24:30'),
(3, 1, 1, 3, 'text', 'N12345678', '2026-01-13 09:24:30'),
(4, 1, 1, 6, 'text', 'India', '2026-01-13 09:24:30'),
(5, 1, 1, 7, 'date', '15-06-2019', '2026-01-13 09:24:30'),
(6, 1, 1, 8, 'date', '14-06-2029', '2026-01-13 09:24:30'),
(7, 1, 1, 9, 'text', 'New Delhi', '2026-01-13 09:24:30'),
(8, 1, 1, 10, 'date', '22-03-1995', '2026-01-13 09:24:30'),
(9, 1, 1, 11, 'select', 'male', '2026-01-13 09:24:30'),
(10, 1, 1, 12, 'text', 'AI302', '2026-01-13 09:24:30'),
(11, 1, 1, 13, 'date', '10-02-2026', '2026-01-13 09:24:30'),
(12, 1, 1, 14, 'text', 'Bangkok Palace Hotel', '2026-01-13 09:24:30'),
(13, 1, 1, 15, 'text', 'Bangkok', '2026-01-13 09:24:30'),
(14, 2, 2, 1, 'text', 'Alice', '2026-01-13 09:24:30'),
(15, 2, 2, 2, 'text', 'Kumar', '2026-01-13 09:24:30'),
(16, 2, 2, 3, 'text', 'A12345678', '2026-01-13 09:24:30'),
(17, 2, 2, 6, 'text', 'India', '2026-01-13 09:24:30'),
(18, 2, 2, 7, 'date', '10-01-2020', '2026-01-13 09:24:30'),
(19, 2, 2, 8, 'date', '09-01-2030', '2026-01-13 09:24:30'),
(20, 2, 2, 9, 'text', 'Mumbai', '2026-01-13 09:24:30'),
(21, 2, 2, 10, 'date', '12-05-1998', '2026-01-13 09:24:30'),
(22, 2, 2, 11, 'select', 'female', '2026-01-13 09:24:30'),
(23, 2, 2, 12, 'text', 'AI404', '2026-01-13 09:24:30'),
(24, 2, 2, 13, 'date', '15-03-2026', '2026-01-13 09:24:30'),
(25, 2, 2, 14, 'text', 'Bangkok Grand Hotel', '2026-01-13 09:24:30'),
(26, 2, 2, 15, 'text', 'Bangkok', '2026-01-13 09:24:30'),
(27, 2, 3, 1, 'text', 'Bob', '2026-01-13 09:24:30'),
(28, 2, 3, 2, 'text', 'Singh', '2026-01-13 09:24:30'),
(29, 2, 3, 3, 'text', 'B98765432', '2026-01-13 09:24:30'),
(30, 2, 3, 6, 'text', 'India', '2026-01-13 09:24:30'),
(31, 2, 3, 7, 'date', '20-11-2018', '2026-01-13 09:24:30'),
(32, 2, 3, 8, 'date', '19-11-2028', '2026-01-13 09:24:30'),
(33, 2, 3, 9, 'text', 'Delhi', '2026-01-13 09:24:30'),
(34, 2, 3, 10, 'date', '23-08-1996', '2026-01-13 09:24:30'),
(35, 2, 3, 11, 'select', 'male', '2026-01-13 09:24:30'),
(36, 2, 3, 12, 'text', 'AI405', '2026-01-13 09:24:30'),
(37, 2, 3, 13, 'date', '15-03-2026', '2026-01-13 09:24:30'),
(38, 2, 3, 14, 'text', 'Bangkok Grand Hotel', '2026-01-13 09:24:30'),
(39, 2, 3, 15, 'text', 'Bangkok', '2026-01-13 09:24:30'),
(40, 3, 4, 1, 'text', 'Milan', '2026-01-16 10:34:36'),
(41, 3, 4, 2, 'text', 'dqewd', '2026-01-16 10:34:36'),
(42, 3, 4, 3, 'text', 'wdqw', '2026-01-16 10:34:36'),
(43, 3, 4, 6, 'text', 'qdqwd', '2026-01-16 10:34:36'),
(44, 3, 4, 7, 'text', 'dqed', '2026-01-16 10:34:36'),
(45, 3, 4, 8, 'text', 'q3wd', '2026-01-16 10:34:36'),
(46, 3, 4, 9, 'text', 'qwdq3', '2026-01-16 10:34:36'),
(47, 3, 4, 10, 'text', 'qdqdq', '2026-01-16 10:34:36'),
(48, 3, 4, 11, 'text', 'e', '2026-01-16 10:34:36'),
(49, 3, 4, 12, 'text', 'f', '2026-01-16 10:34:36'),
(50, 3, 4, 13, 'text', 'wde', '2026-01-16 10:34:36'),
(51, 3, 4, 14, 'text', 'qwd', '2026-01-16 10:34:36'),
(52, 3, 4, 15, 'text', 'dqw', '2026-01-16 10:34:36'),
(53, 4, 5, 1, 'text', 'Gerry', '2026-01-16 11:16:51'),
(54, 4, 5, 2, 'text', 'Adams', '2026-01-16 11:16:51'),
(55, 4, 5, 3, 'text', 'I1234567', '2026-01-16 11:16:51'),
(56, 4, 5, 6, 'text', 'India', '2026-01-16 11:16:51'),
(57, 4, 5, 7, 'text', '12/06/2020', '2026-01-16 11:16:51'),
(58, 4, 5, 8, 'text', '12/06/2030', '2026-01-16 11:16:51'),
(59, 4, 5, 9, 'text', 'Gujrat', '2026-01-16 11:16:51'),
(60, 4, 5, 10, 'text', '12/02/1989', '2026-01-16 11:16:51'),
(61, 4, 5, 11, 'text', 'Male', '2026-01-16 11:16:51'),
(62, 4, 5, 12, 'text', 'N12345', '2026-01-16 11:16:51'),
(63, 4, 5, 13, 'text', '20/01/2026', '2026-01-16 11:16:51'),
(64, 4, 5, 14, 'text', 'Hotel Bangkok', '2026-01-16 11:16:51'),
(65, 4, 5, 15, 'text', 'Bangkok', '2026-01-16 11:16:51'),
(66, 5, 6, 1, 'text', 'Gerry', '2026-01-19 06:16:58'),
(67, 5, 6, 2, 'text', 'Adams', '2026-01-19 06:16:58'),
(68, 5, 6, 3, 'text', 'G1234567', '2026-01-19 06:16:58'),
(69, 5, 6, 6, 'text', 'India', '2026-01-19 06:16:58'),
(70, 5, 6, 7, 'text', '12/06/2020', '2026-01-19 06:16:58'),
(71, 5, 6, 8, 'text', '12/06/2030', '2026-01-19 06:16:58'),
(72, 5, 6, 9, 'text', 'Mumbai', '2026-01-19 06:16:58'),
(73, 5, 6, 10, 'text', '13/07/1998', '2026-01-19 06:16:58'),
(74, 5, 6, 11, 'text', 'Male', '2026-01-19 06:16:58'),
(75, 5, 6, 12, 'text', 'N12345', '2026-01-19 06:16:58'),
(76, 5, 6, 13, 'text', '20/01/2026', '2026-01-19 06:16:58'),
(77, 5, 6, 14, 'text', 'Bangkok International', '2026-01-19 06:16:58'),
(78, 5, 6, 15, 'text', 'Bangkok', '2026-01-19 06:16:58'),
(79, 7, 7, 1, 'text', 'James', '2026-01-19 07:07:16'),
(80, 7, 7, 2, 'text', 'Adams', '2026-01-19 07:07:16'),
(81, 7, 7, 3, 'text', 'N1234567', '2026-01-19 07:07:16'),
(82, 7, 7, 6, 'text', 'India', '2026-01-19 07:07:16'),
(83, 7, 7, 7, 'text', '12/03/2024', '2026-01-19 07:07:16'),
(84, 7, 7, 8, 'text', '12/03/2034', '2026-01-19 07:07:16'),
(85, 7, 7, 9, 'text', 'Mumbai', '2026-01-19 07:07:16'),
(86, 7, 7, 10, 'text', '12/03/1998', '2026-01-19 07:07:16'),
(87, 7, 7, 11, 'text', 'Male', '2026-01-19 07:07:16'),
(88, 7, 7, 12, 'text', 'J12345', '2026-01-19 07:07:16'),
(89, 7, 7, 13, 'text', '20/01/2026', '2026-01-19 07:07:16'),
(90, 7, 7, 14, 'text', 'Bangkok Internaltional', '2026-01-19 07:07:16'),
(91, 7, 7, 15, 'text', 'Bangkok', '2026-01-19 07:07:16'),
(92, 8, 8, 1, 'text', 'Joe', '2026-01-19 08:26:21'),
(93, 8, 8, 2, 'text', 'Mama', '2026-01-19 08:26:21'),
(94, 8, 8, 3, 'text', 'K12345', '2026-01-19 08:26:21'),
(95, 8, 8, 6, 'text', 'India', '2026-01-19 08:26:21'),
(96, 8, 8, 7, 'text', '12/11/2020', '2026-01-19 08:26:21'),
(97, 8, 8, 8, 'text', '12/11/2030', '2026-01-19 08:26:21'),
(98, 8, 8, 9, 'text', 'Ahmedabad', '2026-01-19 08:26:21'),
(99, 8, 8, 10, 'text', '12/12/2004', '2026-01-19 08:26:21'),
(100, 8, 8, 11, 'text', 'Male', '2026-01-19 08:26:21'),
(101, 8, 8, 12, 'text', 'N1234', '2026-01-19 08:26:21'),
(102, 8, 8, 13, 'text', '21/02/2026', '2026-01-19 08:26:21'),
(103, 8, 8, 14, 'text', 'Hood', '2026-01-19 08:26:21'),
(104, 8, 8, 15, 'text', 'Pataya', '2026-01-19 08:26:21'),
(105, 9, 9, 1, 'text', 'Helio', '2026-01-19 08:42:33'),
(106, 9, 9, 2, 'text', 'jane', '2026-01-19 08:42:33'),
(107, 9, 9, 3, 'text', 'H12345', '2026-01-19 08:42:33'),
(108, 9, 9, 6, 'text', 'India', '2026-01-19 08:42:33'),
(109, 9, 9, 7, 'text', '12/11/2014', '2026-01-19 08:42:33'),
(110, 9, 9, 8, 'text', '12/11/2034', '2026-01-19 08:42:33'),
(111, 9, 9, 9, 'text', 'jaipur', '2026-01-19 08:42:33'),
(112, 9, 9, 10, 'text', '12/12/2003', '2026-01-19 08:42:33'),
(113, 9, 9, 11, 'text', 'Male', '2026-01-19 08:42:33'),
(114, 9, 9, 12, 'text', 'F123456', '2026-01-19 08:42:33'),
(115, 9, 9, 13, 'text', '24/03/2026', '2026-01-19 08:42:33'),
(116, 9, 9, 14, 'text', 'Gameroom', '2026-01-19 08:42:33'),
(117, 9, 9, 15, 'text', 'Bangkok', '2026-01-19 08:42:33'),
(118, 10, 10, 1, 'text', 'Alex', '2026-01-19 10:04:20'),
(119, 10, 10, 2, 'text', 'Sharma', '2026-01-19 10:04:20'),
(120, 10, 10, 3, 'text', 'A12345678', '2026-01-19 10:04:20'),
(121, 10, 10, 6, 'text', 'India', '2026-01-19 10:04:20'),
(122, 10, 10, 7, 'text', '15-06-2019', '2026-01-19 10:04:20'),
(123, 10, 10, 8, 'text', '14-06-2029', '2026-01-19 10:04:20'),
(124, 10, 10, 9, 'text', 'Mumbai, India', '2026-01-19 10:04:20'),
(125, 10, 10, 10, 'text', '10-08-1995', '2026-01-19 10:04:20'),
(126, 10, 10, 11, 'text', 'Male', '2026-01-19 10:04:20'),
(127, 10, 10, 12, 'text', 'TG318', '2026-01-19 10:04:20'),
(128, 10, 10, 13, 'text', '20-02-2026', '2026-01-19 10:04:20'),
(129, 10, 10, 14, 'text', 'Bangkok Grand Palace Hotel', '2026-01-19 10:04:20'),
(130, 10, 10, 15, 'text', 'Bangkok', '2026-01-19 10:04:20'),
(131, 11, 11, 1, 'text', 'Ankit', '2026-01-19 10:10:30'),
(132, 11, 11, 2, 'text', 'Verma', '2026-01-19 10:10:30'),
(133, 11, 11, 3, 'text', 'A56809642', '2026-01-19 10:10:30'),
(134, 11, 11, 6, 'text', 'India', '2026-01-19 10:10:30'),
(135, 11, 11, 7, 'text', '2015-07-14', '2026-01-19 10:10:30'),
(136, 11, 11, 8, 'text', '2035-04-19', '2026-01-19 10:10:30'),
(137, 11, 11, 9, 'text', 'Bangalore, India', '2026-01-19 10:10:30'),
(138, 11, 11, 10, 'text', '2006-11-20', '2026-01-19 10:10:30'),
(139, 11, 11, 11, 'text', 'male', '2026-01-19 10:10:30'),
(140, 11, 11, 12, 'text', 'TG707', '2026-01-19 10:10:30'),
(141, 11, 11, 13, 'text', '2026-05-08', '2026-01-19 10:10:30'),
(142, 11, 11, 14, 'text', 'City View Hotel', '2026-01-19 10:10:30'),
(143, 11, 11, 15, 'text', 'Bangkok', '2026-01-19 10:10:30'),
(144, 11, 12, 1, 'text', 'Ankit', '2026-01-19 10:10:30'),
(145, 11, 12, 2, 'text', 'Singh', '2026-01-19 10:10:30'),
(146, 11, 12, 3, 'text', 'P42102368', '2026-01-19 10:10:30'),
(147, 11, 12, 6, 'text', 'India', '2026-01-19 10:10:30'),
(148, 11, 12, 7, 'text', '24-06-2015', '2026-01-19 10:10:30'),
(149, 11, 12, 8, 'text', '09-11-2034', '2026-01-19 10:10:30'),
(150, 11, 12, 9, 'text', 'Bangalore, India', '2026-01-19 10:10:30'),
(151, 11, 12, 10, 'text', '08-03-1987', '2026-01-19 10:10:30'),
(152, 11, 12, 11, 'text', 'male', '2026-01-19 10:10:30'),
(153, 11, 12, 12, 'text', 'TG297', '2026-01-19 10:10:30'),
(154, 11, 12, 13, 'text', '03-12-2026', '2026-01-19 10:10:30'),
(155, 11, 12, 14, 'text', 'Grand Palace Hotel', '2026-01-19 10:10:30'),
(156, 11, 12, 15, 'text', 'Bangkok', '2026-01-19 10:10:30'),
(157, 11, 13, 1, 'text', 'Daniel', '2026-01-19 10:10:30'),
(158, 11, 13, 2, 'text', 'Singh', '2026-01-19 10:10:30'),
(159, 11, 13, 3, 'text', 'P28705477', '2026-01-19 10:10:30'),
(160, 11, 13, 6, 'text', 'India', '2026-01-19 10:10:30'),
(161, 11, 13, 7, 'text', '2016-05-30', '2026-01-19 10:10:30'),
(162, 11, 13, 8, 'text', '2029-01-09', '2026-01-19 10:10:30'),
(163, 11, 13, 9, 'text', 'Pune, India', '2026-01-19 10:10:30'),
(164, 11, 13, 10, 'text', '1978-03-15', '2026-01-19 10:10:30'),
(165, 11, 13, 11, 'text', 'male', '2026-01-19 10:10:30'),
(166, 11, 13, 12, 'text', 'TG378', '2026-01-19 10:10:30'),
(167, 11, 13, 13, 'text', '2026-12-22', '2026-01-19 10:10:30'),
(168, 11, 13, 14, 'text', 'Royal Orchid Hotel', '2026-01-19 10:10:30'),
(169, 11, 13, 15, 'text', 'Bangkok', '2026-01-19 10:10:30'),
(170, 12, 14, 1, 'text', 'sdcwdc', '2026-01-20 07:42:41'),
(171, 12, 14, 2, 'text', 'cwscwe', '2026-01-20 07:42:41'),
(172, 12, 14, 3, 'text', 'cswdcvw', '2026-01-20 07:42:41'),
(173, 12, 14, 6, 'text', 'cec', '2026-01-20 07:42:41'),
(174, 12, 14, 7, 'text', 'dewdc', '2026-01-20 07:42:41'),
(175, 12, 14, 8, 'text', 'ecec', '2026-01-20 07:42:41'),
(176, 12, 14, 9, 'text', 'cecewc', '2026-01-20 07:42:41'),
(177, 12, 14, 10, 'text', 'deqwde', '2026-01-20 07:42:41'),
(178, 12, 14, 11, 'text', 'deqw', '2026-01-20 07:42:41'),
(179, 12, 14, 12, 'text', 'dqew', '2026-01-20 07:42:41'),
(180, 12, 14, 13, 'text', 'd', '2026-01-20 07:42:41'),
(181, 12, 14, 14, 'text', 'd', '2026-01-20 07:42:41'),
(182, 12, 14, 15, 'text', 'dqw', '2026-01-20 07:42:41'),
(186, 14, 16, 1, 'text', 'ewcffew', '2026-01-20 09:27:56'),
(187, 14, 16, 2, 'text', 'd2q', '2026-01-20 09:27:56'),
(188, 14, 16, 3, 'text', 'df', '2026-01-20 09:27:56'),
(189, 14, 16, 6, 'text', 'wdqwd', '2026-01-20 09:27:56'),
(190, 14, 16, 7, 'text', 'd', '2026-01-20 09:27:56'),
(191, 14, 16, 8, 'text', 'dqwwq', '2026-01-20 09:27:56'),
(192, 14, 16, 9, 'text', 'dqwd', '2026-01-20 09:27:56'),
(193, 14, 16, 10, 'text', 'qwd', '2026-01-20 09:27:56'),
(194, 14, 16, 11, 'text', 'qwdqw', '2026-01-20 09:27:56'),
(195, 14, 16, 12, 'text', 'dwqdqwdwqw', '2026-01-20 09:27:56'),
(196, 14, 16, 13, 'text', 'qwdq', '2026-01-20 09:27:56'),
(197, 14, 16, 14, 'text', 'qwd', '2026-01-20 09:27:56'),
(198, 14, 16, 15, 'text', 'qwd', '2026-01-20 09:27:56'),
(199, 15, 17, 1, 'text', 'Milan', '2026-01-20 09:48:38'),
(200, 15, 17, 2, 'text', 'dqwd', '2026-01-20 09:48:38'),
(201, 15, 17, 3, 'text', 'dqwdq', '2026-01-20 09:48:38'),
(202, 15, 17, 6, 'text', 'sdas', '2026-01-20 09:48:38'),
(203, 15, 17, 7, 'text', 'dcasc', '2026-01-20 09:48:38'),
(204, 15, 17, 8, 'text', 'gerg', '2026-01-20 09:48:38'),
(205, 15, 17, 9, 'text', 'wedqwd', '2026-01-20 09:48:38'),
(206, 15, 17, 10, 'text', 'eqfwe', '2026-01-20 09:48:38'),
(207, 15, 17, 11, 'text', 'qefew', '2026-01-20 09:48:38'),
(208, 15, 17, 12, 'text', 'ef', '2026-01-20 09:48:38'),
(209, 15, 17, 13, 'text', 'fwe', '2026-01-20 09:48:38'),
(210, 15, 17, 14, 'text', 'dfew', '2026-01-20 09:48:38'),
(211, 15, 17, 15, 'text', 'fewa', '2026-01-20 09:48:38'),
(212, 16, 18, 1, 'text', 'MILAN', '2026-01-20 10:02:04'),
(213, 16, 18, 2, 'text', 'PATEL', '2026-01-20 10:02:04'),
(214, 16, 18, 3, 'text', '6465', '2026-01-20 10:02:04'),
(215, 16, 18, 6, 'text', 'iNDIA', '2026-01-20 10:02:04'),
(216, 16, 18, 7, 'text', '534635', '2026-01-20 10:02:04'),
(217, 16, 18, 8, 'text', '54635', '2026-01-20 10:02:04'),
(218, 16, 18, 9, 'text', '64635', '2026-01-20 10:02:04'),
(219, 16, 18, 10, 'text', '654163', '2026-01-20 10:02:04'),
(220, 16, 18, 11, 'text', '65', '2026-01-20 10:02:04'),
(221, 16, 18, 12, 'text', '64634563', '2026-01-20 10:02:04'),
(222, 16, 18, 13, 'text', '65', '2026-01-20 10:02:04'),
(223, 16, 18, 14, 'text', '556536', '2026-01-20 10:02:04'),
(224, 16, 18, 15, 'text', '135', '2026-01-20 10:02:04'),
(225, 17, 19, 1, 'text', 'dqwd', '2026-01-20 11:15:52'),
(226, 17, 19, 2, 'text', 'qefdqe', '2026-01-20 11:15:52'),
(227, 17, 19, 3, 'text', 'eqqe', '2026-01-20 11:15:52'),
(228, 17, 19, 6, 'text', 'dqwd&#039;', '2026-01-20 11:15:52'),
(229, 17, 19, 7, 'text', 'dqwd', '2026-01-20 11:15:52'),
(230, 17, 19, 8, 'text', 'wqdqw', '2026-01-20 11:15:52'),
(231, 17, 19, 9, 'text', 'qwdqw', '2026-01-20 11:15:52'),
(232, 17, 19, 10, 'text', 'qwd', '2026-01-20 11:15:52'),
(233, 17, 19, 11, 'text', 'wq', '2026-01-20 11:15:52'),
(234, 17, 19, 12, 'text', 'qwd', '2026-01-20 11:15:52'),
(235, 17, 19, 13, 'text', 'qwd', '2026-01-20 11:15:52'),
(236, 17, 19, 14, 'text', 'qwd', '2026-01-20 11:15:52'),
(237, 17, 19, 15, 'text', 'qwd', '2026-01-20 11:15:52'),
(238, 18, 20, 1, 'text', 'MILAN', '2026-01-20 16:35:05'),
(239, 18, 20, 2, 'text', 'DCWD', '2026-01-20 16:35:05'),
(240, 18, 20, 3, 'text', 'CWESDCVW', '2026-01-20 16:35:05'),
(241, 18, 20, 6, 'text', 'WEFCWEDFC', '2026-01-20 16:35:05'),
(242, 18, 20, 7, 'text', 'FGERG3R', '2026-01-20 16:35:05'),
(243, 18, 20, 8, 'text', 'E3RG3R', '2026-01-20 16:35:05'),
(244, 18, 20, 9, 'text', 'ERGERG', '2026-01-20 16:35:05'),
(245, 18, 20, 10, 'text', 'GEG3R', '2026-01-20 16:35:05'),
(246, 18, 20, 11, 'text', 'WERGV', '2026-01-20 16:35:05'),
(247, 18, 20, 12, 'text', 'GFERF', '2026-01-20 16:35:05'),
(248, 18, 20, 13, 'text', 'G', '2026-01-20 16:35:05'),
(249, 18, 20, 14, 'text', 'ER', '2026-01-20 16:35:05'),
(250, 18, 20, 15, 'text', 'G', '2026-01-20 16:35:05'),
(251, 19, 21, 1, 'text', 'Milan', '2026-01-21 06:36:47'),
(252, 19, 21, 2, 'text', 'padc', '2026-01-21 06:36:47'),
(253, 19, 21, 3, 'text', 'edcqewc', '2026-01-21 06:36:47'),
(254, 19, 21, 6, 'text', 'dewd', '2026-01-21 06:36:47'),
(255, 19, 21, 7, 'text', 'fweqfw', '2026-01-21 06:36:47'),
(256, 19, 21, 8, 'text', 'wefwef', '2026-01-21 06:36:47'),
(257, 19, 21, 9, 'text', 'fwef', '2026-01-21 06:36:47'),
(258, 19, 21, 10, 'text', 'fwef', '2026-01-21 06:36:47'),
(259, 19, 21, 11, 'text', 'wefwef', '2026-01-21 06:36:47'),
(260, 19, 21, 12, 'text', 'wefew', '2026-01-21 06:36:47'),
(261, 19, 21, 13, 'text', 'fewf', '2026-01-21 06:36:47'),
(262, 19, 21, 14, 'text', 'wefwe', '2026-01-21 06:36:47'),
(263, 19, 21, 15, 'text', 'fwe', '2026-01-21 06:36:47'),
(267, 21, 23, 1, 'text', 'Gerry', '2026-01-21 08:06:27'),
(268, 21, 23, 2, 'text', 'Adams', '2026-01-21 08:06:27'),
(269, 21, 23, 3, 'text', 'N123456', '2026-01-21 08:06:27'),
(270, 21, 23, 6, 'text', 'India', '2026-01-21 08:06:27'),
(271, 21, 23, 7, 'text', '12-03-2020', '2026-01-21 08:06:27'),
(272, 21, 23, 8, 'text', '12-03-2030', '2026-01-21 08:06:27'),
(273, 21, 23, 9, 'text', 'Mumbai', '2026-01-21 08:06:27'),
(274, 21, 23, 10, 'text', '11-12-1998', '2026-01-21 08:06:27'),
(275, 21, 23, 11, 'text', 'Male', '2026-01-21 08:06:27'),
(276, 21, 23, 12, 'text', 'K12345', '2026-01-21 08:06:27'),
(277, 21, 23, 13, 'text', '25-03-2026', '2026-01-21 08:06:27'),
(278, 21, 23, 14, 'text', 'Bangkok International', '2026-01-21 08:06:27'),
(279, 21, 23, 15, 'text', 'Bangkok', '2026-01-21 08:06:27'),
(280, 22, 24, 1, 'text', 'Gerry', '2026-01-21 09:26:00'),
(281, 22, 24, 2, 'text', 'Fresh', '2026-01-21 09:26:00'),
(282, 22, 24, 3, 'text', 'F123456', '2026-01-21 09:26:00'),
(283, 22, 24, 6, 'text', 'India', '2026-01-21 09:26:00'),
(284, 22, 24, 7, 'text', '11-12-2020', '2026-01-21 09:26:00'),
(285, 22, 24, 8, 'text', '11-12-2030', '2026-01-21 09:26:00'),
(286, 22, 24, 9, 'text', 'Kochi', '2026-01-21 09:26:00'),
(287, 22, 24, 10, 'text', '11-02-1998', '2026-01-21 09:26:00'),
(288, 22, 24, 11, 'text', 'Male', '2026-01-21 09:26:00'),
(289, 22, 24, 12, 'text', 'A12345', '2026-01-21 09:26:00'),
(290, 22, 24, 13, 'text', '21-03-2026', '2026-01-21 09:26:00'),
(291, 22, 24, 14, 'text', 'Bangkok Internaltional', '2026-01-21 09:26:00'),
(292, 22, 24, 15, 'text', 'Bangkok', '2026-01-21 09:26:00'),
(293, 23, 25, 1, 'text', 'fwe', '2026-01-21 13:13:54'),
(294, 23, 25, 2, 'text', 'wefcqew', '2026-01-21 13:13:54'),
(295, 23, 25, 3, 'text', 'wdndfg', '2026-01-21 13:13:54'),
(296, 23, 25, 6, 'text', 'efwqef', '2026-01-21 13:13:54'),
(297, 23, 25, 7, 'text', 'dqw', '2026-01-21 13:13:54'),
(298, 23, 25, 8, 'text', 'fef', '2026-01-21 13:13:54'),
(299, 23, 25, 9, 'text', 'qefqe', '2026-01-21 13:13:54'),
(300, 23, 25, 10, 'text', 'qefqef', '2026-01-21 13:13:54'),
(301, 23, 25, 11, 'text', 'qwwqwf', '2026-01-21 13:13:54'),
(302, 23, 25, 12, 'text', 'qfdqwef', '2026-01-21 13:13:54'),
(303, 23, 25, 13, 'text', 'fqw', '2026-01-21 13:13:54'),
(304, 23, 25, 14, 'text', 'qewfqw', '2026-01-21 13:13:54'),
(305, 23, 25, 15, 'text', 'ddqw', '2026-01-21 13:13:54'),
(306, 24, 26, 1, 'text', 'jgkhg', '2026-01-22 07:32:07'),
(307, 24, 26, 2, 'text', 'gdhdhgf', '2026-01-22 07:32:07'),
(308, 24, 26, 3, 'text', 'k123456', '2026-01-22 07:32:07'),
(309, 24, 26, 6, 'text', 'india', '2026-01-22 07:32:07'),
(310, 24, 26, 7, 'text', '11-03-2020', '2026-01-22 07:32:07'),
(311, 24, 26, 8, 'text', '11-03-2030', '2026-01-22 07:32:07'),
(312, 24, 26, 9, 'text', 'xcfjkgjhg', '2026-01-22 07:32:07'),
(313, 24, 26, 10, 'text', NULL, '2026-01-22 07:32:07'),
(314, 24, 26, 11, 'text', 'Mlas', '2026-01-22 07:32:07'),
(315, 24, 26, 12, 'text', '2026-01-23', '2026-01-22 07:32:07'),
(316, 24, 26, 13, 'text', '24-01-2026', '2026-01-22 07:32:07'),
(317, 24, 26, 14, 'text', 'qedqedc', '2026-01-22 07:32:07'),
(318, 24, 26, 15, 'text', 'dqwdqwd', '2026-01-22 07:32:07'),
(319, 25, 27, 1, 'text', 'milan', '2026-01-22 07:52:28'),
(320, 25, 27, 2, 'text', 'kumar', '2026-01-22 07:52:28'),
(321, 25, 27, 3, 'text', '6635464', '2026-01-22 07:52:28'),
(322, 25, 27, 6, 'text', 'India', '2026-01-22 07:52:28'),
(323, 25, 27, 7, 'text', '06-11-2020', '2026-01-22 07:52:28'),
(324, 25, 27, 8, 'text', '06-12-2030', '2026-01-22 07:52:28'),
(325, 25, 27, 9, 'text', '2003-10-02', '2026-01-22 07:52:28'),
(326, 25, 27, 10, 'text', '15-02-2002', '2026-01-22 07:52:28'),
(327, 25, 27, 11, 'text', 'Male', '2026-01-22 07:52:28'),
(328, 25, 27, 12, 'text', '2026-01-23', '2026-01-22 07:52:28'),
(329, 25, 27, 13, 'text', '24-01-2026', '2026-01-22 07:52:28'),
(330, 25, 27, 14, 'text', 'wdqedc', '2026-01-22 07:52:28'),
(331, 25, 27, 15, 'text', 'qwdcqwc', '2026-01-22 07:52:28'),
(332, 26, 28, 1, 'text', 'edcqec', '2026-01-22 08:23:22'),
(333, 26, 28, 2, 'text', 'wdcqc', '2026-01-22 08:23:22'),
(334, 26, 28, 3, 'text', 'q365654', '2026-01-22 08:23:22'),
(335, 26, 28, 6, 'text', 'indiwa', '2026-01-22 08:23:22'),
(336, 26, 28, 7, 'text', '03-02-2020', '2026-01-22 08:23:22'),
(337, 26, 28, 8, 'text', '31-12-2030', '2026-01-22 08:23:22'),
(338, 26, 28, 9, 'text', 'dcqed', '2026-01-22 08:23:22'),
(339, 26, 28, 10, 'text', '10-11-2004', '2026-01-22 08:23:22'),
(340, 26, 28, 11, 'text', 'male', '2026-01-22 08:23:22'),
(341, 26, 28, 12, 'text', 'AAL23', '2026-01-22 08:23:22'),
(342, 26, 28, 13, 'text', '23-01-2026', '2026-01-22 08:23:22'),
(343, 26, 28, 14, 'text', 'SXASCS', '2026-01-22 08:23:22'),
(344, 26, 28, 15, 'text', 'XScsCXS', '2026-01-22 08:23:22'),
(345, 27, 29, 1, 'text', 'cxqecd', '2026-01-22 09:02:39'),
(346, 27, 29, 2, 'text', 'wdqwdc', '2026-01-22 09:02:39'),
(347, 27, 29, 3, 'text', '11-10-2025', '2026-01-22 09:02:39'),
(348, 27, 29, 6, 'text', '11-10-2020', '2026-01-22 09:02:39'),
(349, 27, 29, 7, 'text', '2023-10-11', '2026-01-22 09:02:39'),
(350, 27, 29, 8, 'text', '2026-10-11', '2026-01-22 09:02:39'),
(351, 27, 29, 9, 'text', '2004-10-11', '2026-01-22 09:02:39'),
(352, 27, 29, 10, 'text', '2004-10-11', '2026-01-22 09:02:39'),
(353, 27, 29, 11, 'text', 'mals', '2026-01-22 09:02:39'),
(354, 27, 29, 12, 'text', '2026-10-11', '2026-01-22 09:02:39'),
(355, 27, 29, 13, 'text', '2026-10-12', '2026-01-22 09:02:39'),
(356, 27, 29, 14, 'text', 'eqdc', '2026-01-22 09:02:39'),
(357, 27, 29, 15, 'text', 'qcqdc', '2026-01-22 09:02:39'),
(358, 28, 30, 1, 'text', 'dcqe', '2026-01-22 09:39:14'),
(359, 28, 30, 2, 'text', 'dqwcdqe', '2026-01-22 09:39:14'),
(360, 28, 30, 3, 'text', 'wqdqewdc', '2026-01-22 09:39:14'),
(361, 28, 30, 6, 'text', 'cdqeceqc', '2026-01-22 09:39:14'),
(362, 28, 30, 7, 'text', '11-10-2020', '2026-01-22 09:39:14'),
(363, 28, 30, 8, 'text', '11-10-2030', '2026-01-22 09:39:14'),
(364, 28, 30, 9, 'text', 'fwdvcw', '2026-01-22 09:39:14'),
(365, 28, 30, 10, 'text', '11-10-2004', '2026-01-22 09:39:14'),
(366, 28, 30, 11, 'text', 'male', '2026-01-22 09:39:14'),
(367, 28, 30, 12, 'text', 'AA123', '2026-01-22 09:39:14'),
(368, 28, 30, 13, 'text', '22-01-2026', '2026-01-22 09:39:14'),
(369, 28, 30, 14, 'text', 'CDWCQESDC', '2026-01-22 09:39:14'),
(370, 28, 30, 15, 'text', 'CCQCQEC', '2026-01-22 09:39:14'),
(371, 29, 31, 1, 'text', 'Thomas', '2026-01-22 10:27:09'),
(372, 29, 31, 2, 'text', 'dsfv&#039;', '2026-01-22 10:27:09'),
(373, 29, 31, 3, 'text', 'U123456', '2026-01-22 10:27:09'),
(374, 29, 31, 6, 'text', 'India', '2026-01-22 10:27:09'),
(375, 29, 31, 7, 'text', '11-12-2020', '2026-01-22 10:27:09'),
(376, 29, 31, 8, 'text', '11-12-2030', '2026-01-22 10:27:09'),
(377, 29, 31, 9, 'text', 'Daman', '2026-01-22 10:27:09'),
(378, 29, 31, 10, 'text', '12-11-1998', '2026-01-22 10:27:09'),
(379, 29, 31, 11, 'text', 'Male', '2026-01-22 10:27:09'),
(380, 29, 31, 12, 'text', 'AI123', '2026-01-22 10:27:09'),
(381, 29, 31, 13, 'text', '20-03-2026', '2026-01-22 10:27:09'),
(382, 29, 31, 14, 'text', 'bangkok', '2026-01-22 10:27:09'),
(383, 29, 31, 15, 'text', 'bangkok', '2026-01-22 10:27:09'),
(384, 30, 32, 1, 'text', 'Tommy', '2026-01-22 10:33:59'),
(385, 30, 32, 2, 'text', 'James', '2026-01-22 10:33:59'),
(386, 30, 32, 3, 'text', 'G1234567', '2026-01-22 10:33:59'),
(387, 30, 32, 6, 'text', 'India', '2026-01-22 10:33:59'),
(388, 30, 32, 7, 'text', '20-12-2020', '2026-01-22 10:33:59'),
(389, 30, 32, 8, 'text', '20-12-2030', '2026-01-22 10:33:59'),
(390, 30, 32, 9, 'text', 'Delhi', '2026-01-22 10:33:59'),
(391, 30, 32, 10, 'text', '12-02-1997', '2026-01-22 10:33:59'),
(392, 30, 32, 11, 'text', 'male', '2026-01-22 10:33:59'),
(393, 30, 32, 12, 'text', 'VJ1234', '2026-01-22 10:33:59'),
(394, 30, 32, 13, 'text', '30-01-2026', '2026-01-22 10:33:59'),
(395, 30, 32, 14, 'text', 'Bangkok International.', '2026-01-22 10:33:59'),
(396, 30, 32, 15, 'text', 'Bangkok', '2026-01-22 10:33:59'),
(397, 31, 33, 1, 'text', 'fwesvcw', '2026-01-22 15:59:01'),
(398, 31, 33, 2, 'text', 'efwef', '2026-01-22 15:59:01'),
(399, 31, 33, 3, 'text', 'wfewfew', '2026-01-22 15:59:01'),
(400, 31, 33, 6, 'text', 'india', '2026-01-22 15:59:01'),
(401, 31, 33, 7, 'text', '22-01-2026', '2026-01-22 15:59:01'),
(402, 31, 33, 8, 'text', '23-01-2026', '2026-01-22 15:59:01'),
(403, 31, 33, 9, 'text', 'qwfcsawfw', '2026-01-22 15:59:01'),
(404, 31, 33, 10, 'text', '07-01-2004', '2026-01-22 15:59:01'),
(405, 31, 33, 11, 'text', 'male', '2026-01-22 15:59:01'),
(406, 31, 33, 12, 'text', 'aa123', '2026-01-22 15:59:01'),
(407, 31, 33, 13, 'text', '14-01-2026', '2026-01-22 15:59:01'),
(408, 31, 33, 14, 'text', 'betdberfdbv', '2026-01-22 15:59:01'),
(409, 31, 33, 15, 'text', 'ervgeswvwer', '2026-01-22 15:59:01'),
(410, 32, 34, 1, 'text', 'James', '2026-01-23 07:55:56'),
(411, 32, 34, 2, 'text', 'head', '2026-01-23 07:55:56'),
(412, 32, 34, 3, 'text', 'N123456', '2026-01-23 07:55:56'),
(413, 32, 34, 6, 'text', 'India', '2026-01-23 07:55:56'),
(414, 32, 34, 7, 'text', '11-02-2020', '2026-01-23 07:55:56'),
(415, 32, 34, 8, 'text', '11-02-2030', '2026-01-23 07:55:56'),
(416, 32, 34, 9, 'text', 'Delhi', '2026-01-23 07:55:56'),
(417, 32, 34, 10, 'text', '11-12-1996', '2026-01-23 07:55:56'),
(418, 32, 34, 11, 'text', 'male', '2026-01-23 07:55:56'),
(419, 32, 34, 12, 'text', 'VJ1234', '2026-01-23 07:55:56'),
(420, 32, 34, 13, 'text', '20-02-2026', '2026-01-23 07:55:56'),
(421, 32, 34, 14, 'text', 'Bricks International', '2026-01-23 07:55:56'),
(422, 32, 34, 15, 'text', 'Pataya', '2026-01-23 07:55:56'),
(423, 33, 35, 1, 'text', 'Jhon', '2026-01-23 10:09:19'),
(424, 33, 35, 2, 'text', 'Shin', '2026-01-23 10:09:19'),
(425, 33, 35, 3, 'text', 'J123456', '2026-01-23 10:09:19'),
(426, 33, 35, 6, 'text', 'India', '2026-01-23 10:09:19'),
(427, 33, 35, 7, 'text', '11-12-2020', '2026-01-23 10:09:19'),
(428, 33, 35, 8, 'text', '11-12-2030', '2026-01-23 10:09:19'),
(429, 33, 35, 9, 'text', 'Vadodara', '2026-01-23 10:09:19'),
(430, 33, 35, 10, 'text', '11-10-2004', '2026-01-23 10:09:19'),
(431, 33, 35, 11, 'text', 'male', '2026-01-23 10:09:19'),
(432, 33, 35, 12, 'text', 'TJ2145', '2026-01-23 10:09:19'),
(433, 33, 35, 13, 'text', '26-02-2026', '2026-01-23 10:09:19'),
(434, 33, 35, 14, 'text', 'Taj Hotel', '2026-01-23 10:09:19'),
(435, 33, 35, 15, 'text', 'Pataya', '2026-01-23 10:09:19'),
(436, 34, 36, 1, 'text', 'kutta', '2026-01-23 10:37:05'),
(437, 34, 36, 2, 'text', 'c', '2026-01-23 10:37:05'),
(438, 34, 36, 3, 'text', 'N12345', '2026-01-23 10:37:05'),
(439, 34, 36, 6, 'text', 'india', '2026-01-23 10:37:05'),
(440, 34, 36, 7, 'text', '11-12-2020', '2026-01-23 10:37:05'),
(441, 34, 36, 8, 'text', '11-12-2030', '2026-01-23 10:37:05'),
(442, 34, 36, 9, 'text', 'Rajkot', '2026-01-23 10:37:05'),
(443, 34, 36, 10, 'text', '11-12-2004', '2026-01-23 10:37:05'),
(444, 34, 36, 11, 'text', 'male', '2026-01-23 10:37:05'),
(445, 34, 36, 12, 'text', 'JT1234', '2026-01-23 10:37:05'),
(446, 34, 36, 13, 'text', '27-02-2026', '2026-01-23 10:37:05'),
(447, 34, 36, 14, 'text', 'Maharaj Hotel', '2026-01-23 10:37:05'),
(448, 34, 36, 15, 'text', 'Bangkok', '2026-01-23 10:37:05'),
(449, 35, 37, 1, 'text', 'jonny', '2026-01-23 10:42:20'),
(450, 35, 37, 2, 'text', 'kale', '2026-01-23 10:42:20'),
(451, 35, 37, 3, 'text', 'AF345678', '2026-01-23 10:42:20'),
(452, 35, 37, 6, 'text', 'Indi', '2026-01-23 10:42:20'),
(453, 35, 37, 7, 'text', '11-10-2020', '2026-01-23 10:42:20'),
(454, 35, 37, 8, 'text', '11-10-2030', '2026-01-23 10:42:20'),
(455, 35, 37, 9, 'text', 'Porbandar', '2026-01-23 10:42:20'),
(456, 35, 37, 10, 'text', '11-10-2004', '2026-01-23 10:42:20'),
(457, 35, 37, 11, 'text', 'male', '2026-01-23 10:42:20'),
(458, 35, 37, 12, 'text', '1234567', '2026-01-23 10:42:20'),
(459, 35, 37, 13, 'text', '23-01-2026', '2026-01-23 10:42:20'),
(460, 35, 37, 14, 'text', 'raju hotel', '2026-01-23 10:42:20'),
(461, 35, 37, 15, 'text', 'pegyu', '2026-01-23 10:42:20'),
(462, 36, 38, 1, 'text', 'milan', '2026-01-23 11:12:29'),
(463, 36, 38, 2, 'text', 'ertyui', '2026-01-23 11:12:29'),
(464, 36, 38, 3, 'text', 'A3456789', '2026-01-23 11:12:29'),
(465, 36, 38, 6, 'text', 'GHJK', '2026-01-23 11:12:29'),
(466, 36, 38, 7, 'text', '11-10-2020', '2026-01-23 11:12:29'),
(467, 36, 38, 8, 'text', '11-02-2030', '2026-01-23 11:12:29'),
(468, 36, 38, 9, 'text', 'DFGHJ', '2026-01-23 11:12:29'),
(469, 36, 38, 10, 'text', '11-10-2004', '2026-01-23 11:12:29'),
(470, 36, 38, 11, 'text', 'male', '2026-01-23 11:12:29'),
(471, 36, 38, 12, 'text', '123456', '2026-01-23 11:12:29'),
(472, 36, 38, 13, 'text', '23-01-2026', '2026-01-23 11:12:29'),
(473, 36, 38, 14, 'text', 'ASDFGH', '2026-01-23 11:12:29'),
(474, 36, 38, 15, 'text', 'ASWEDRGH', '2026-01-23 11:12:29'),
(475, 37, 39, 1, 'text', 'Jim', '2026-01-27 06:20:46'),
(476, 37, 39, 2, 'text', 'Morris', '2026-01-27 06:20:46'),
(477, 37, 39, 3, 'text', 'J12345', '2026-01-27 06:20:46'),
(478, 37, 39, 6, 'text', 'India', '2026-01-27 06:20:46'),
(479, 37, 39, 7, 'text', '11-12-2020', '2026-01-27 06:20:46'),
(480, 37, 39, 8, 'text', '11-12-2030', '2026-01-27 06:20:46'),
(481, 37, 39, 9, 'text', 'Goregaon', '2026-01-27 06:20:46'),
(482, 37, 39, 10, 'text', '11-12-2002', '2026-01-27 06:20:46'),
(483, 37, 39, 11, 'text', 'male', '2026-01-27 06:20:46'),
(484, 37, 39, 12, 'text', 'HI12345', '2026-01-27 06:20:46'),
(485, 37, 39, 13, 'text', '12-02-2026', '2026-01-27 06:20:46'),
(486, 37, 39, 14, 'text', 'Hyatt', '2026-01-27 06:20:46'),
(487, 37, 39, 15, 'text', 'Pataya', '2026-01-27 06:20:46'),
(488, 38, 40, 1, 'text', 'Floyd', '2026-01-27 08:26:03'),
(489, 38, 40, 2, 'text', 'May', '2026-01-27 08:26:03'),
(490, 38, 40, 3, 'text', 'D12345', '2026-01-27 08:26:03'),
(491, 38, 40, 6, 'text', 'India', '2026-01-27 08:26:03'),
(492, 38, 40, 7, 'text', '12-10-2020', '2026-01-27 08:26:03'),
(493, 38, 40, 8, 'text', '12-10-2030', '2026-01-27 08:26:03'),
(494, 38, 40, 9, 'text', 'Hamburg', '2026-01-27 08:26:03'),
(495, 38, 40, 10, 'text', '10-02-2001', '2026-01-27 08:26:03'),
(496, 38, 40, 11, 'text', 'male', '2026-01-27 08:26:03'),
(497, 38, 40, 12, 'text', 'FA1234', '2026-01-27 08:26:03'),
(498, 38, 40, 13, 'text', '04-02-2026', '2026-01-27 08:26:03'),
(499, 38, 40, 14, 'text', 'Flyara', '2026-01-27 08:26:03'),
(500, 38, 40, 15, 'text', 'Bangkok', '2026-01-27 08:26:03'),
(501, 39, 41, 1, 'text', 'james', '2026-01-27 09:09:37'),
(502, 39, 41, 2, 'text', 'hay', '2026-01-27 09:09:37'),
(503, 39, 41, 3, 'text', 'J12345', '2026-01-27 09:09:37'),
(504, 39, 41, 6, 'text', 'India', '2026-01-27 09:09:37'),
(505, 39, 41, 7, 'text', '12-12-2020', '2026-01-27 09:09:37'),
(506, 39, 41, 8, 'text', '12-12-2030', '2026-01-27 09:09:37'),
(507, 39, 41, 9, 'text', 'Delhi', '2026-01-27 09:09:37'),
(508, 39, 41, 10, 'text', '12-12-2002', '2026-01-27 09:09:37'),
(509, 39, 41, 11, 'text', 'male', '2026-01-27 09:09:37'),
(510, 39, 41, 12, 'text', 'FA1234', '2026-01-27 09:09:37'),
(511, 39, 41, 13, 'text', '12-12-2026', '2026-01-27 09:09:37'),
(512, 39, 41, 14, 'text', 'Helios', '2026-01-27 09:09:37'),
(513, 39, 41, 15, 'text', 'Pataya', '2026-01-27 09:09:37'),
(514, 40, 42, 1, 'text', 'gerry', '2026-01-27 09:42:35'),
(515, 40, 42, 2, 'text', 'curls', '2026-01-27 09:42:35'),
(516, 40, 42, 3, 'text', 'Y12345', '2026-01-27 09:42:35'),
(517, 40, 42, 6, 'text', 'India', '2026-01-27 09:42:35'),
(518, 40, 42, 7, 'text', '11-12-2020', '2026-01-27 09:42:35'),
(519, 40, 42, 8, 'text', '11-12-2030', '2026-01-27 09:42:35'),
(520, 40, 42, 9, 'text', 'Delhi', '2026-01-27 09:42:35'),
(521, 40, 42, 10, 'text', '11-12-2000', '2026-01-27 09:42:35'),
(522, 40, 42, 11, 'text', 'male', '2026-01-27 09:42:35'),
(523, 40, 42, 12, 'text', 'JT12345', '2026-01-27 09:42:35'),
(524, 40, 42, 13, 'text', '12-02-2026', '2026-01-27 09:42:35'),
(525, 40, 42, 14, 'text', 'Hyatt', '2026-01-27 09:42:35'),
(526, 40, 42, 15, 'text', 'Bangkok', '2026-01-27 09:42:35'),
(527, 41, 43, 1, 'text', 'joe', '2026-01-27 10:59:39'),
(528, 41, 43, 2, 'text', 'mama', '2026-01-27 10:59:39'),
(529, 41, 43, 3, 'text', 'T789456', '2026-01-27 10:59:39'),
(530, 41, 43, 6, 'text', 'India', '2026-01-27 10:59:39'),
(531, 41, 43, 7, 'text', '08-08-2020', '2026-01-27 10:59:39'),
(532, 41, 43, 8, 'text', '08-08-2030', '2026-01-27 10:59:39'),
(533, 41, 43, 9, 'text', 'vadodara', '2026-01-27 10:59:39'),
(534, 41, 43, 10, 'text', '16-09-2003', '2026-01-27 10:59:39'),
(535, 41, 43, 11, 'text', 'male', '2026-01-27 10:59:39'),
(536, 41, 43, 12, 'text', '12345', '2026-01-27 10:59:39'),
(537, 41, 43, 13, 'text', '28-02-2026', '2026-01-27 10:59:39'),
(538, 41, 43, 14, 'text', 'dih intntl', '2026-01-27 10:59:39'),
(539, 41, 43, 15, 'text', 'pattaya', '2026-01-27 10:59:39'),
(540, 41, 44, 1, 'text', 'sugma dih', '2026-01-27 10:59:39'),
(541, 41, 44, 2, 'text', 'tude', '2026-01-27 10:59:39'),
(542, 41, 44, 3, 'text', '789456', '2026-01-27 10:59:39'),
(543, 41, 44, 6, 'text', 'india', '2026-01-27 10:59:39'),
(544, 41, 44, 7, 'text', '08-08-2020', '2026-01-27 10:59:39'),
(545, 41, 44, 8, 'text', '08-08-2030', '2026-01-27 10:59:39'),
(546, 41, 44, 9, 'text', 'ahmedabad', '2026-01-27 10:59:39'),
(547, 41, 44, 10, 'text', '19-10-2003', '2026-01-27 10:59:39'),
(548, 41, 44, 11, 'text', 'female', '2026-01-27 10:59:39'),
(549, 41, 44, 12, 'text', '789456', '2026-01-27 10:59:39'),
(550, 41, 44, 13, 'text', '31-01-2026', '2026-01-27 10:59:39'),
(551, 41, 44, 14, 'text', 'run off', '2026-01-27 10:59:39'),
(552, 41, 44, 15, 'text', 'pattaya', '2026-01-27 10:59:39'),
(553, 41, 45, 1, 'text', 'candice', '2026-01-27 10:59:39'),
(554, 41, 45, 2, 'text', 'fit', '2026-01-27 10:59:39'),
(555, 41, 45, 3, 'text', 'A789456', '2026-01-27 10:59:39'),
(556, 41, 45, 6, 'text', 'infis', '2026-01-27 10:59:39'),
(557, 41, 45, 7, 'text', '08-08-2020', '2026-01-27 10:59:39'),
(558, 41, 45, 8, 'text', '08-08-2030', '2026-01-27 10:59:39'),
(559, 41, 45, 9, 'text', 'india', '2026-01-27 10:59:39'),
(560, 41, 45, 10, 'text', '22-10-2003', '2026-01-27 10:59:39'),
(561, 41, 45, 11, 'text', 'female', '2026-01-27 10:59:39'),
(562, 41, 45, 12, 'text', '89879', '2026-01-27 10:59:39'),
(563, 41, 45, 13, 'text', '31-01-2026', '2026-01-27 10:59:39'),
(564, 41, 45, 14, 'text', 'dih sun', '2026-01-27 10:59:39'),
(565, 41, 45, 15, 'text', 'pattaya', '2026-01-27 10:59:39'),
(566, 42, 46, 1, 'text', 'Duke', '2026-01-28 06:12:27'),
(567, 42, 46, 2, 'text', 'KTM', '2026-01-28 06:12:27'),
(568, 42, 46, 3, 'text', 'G12345', '2026-01-28 06:12:27'),
(569, 42, 46, 6, 'text', 'India', '2026-01-28 06:12:27'),
(570, 42, 46, 7, 'text', '11-11-2020', '2026-01-28 06:12:27'),
(571, 42, 46, 8, 'text', '11-11-2030', '2026-01-28 06:12:27'),
(572, 42, 46, 9, 'text', 'Dhulia', '2026-01-28 06:12:27'),
(573, 42, 46, 10, 'text', '11-11-2000', '2026-01-28 06:12:27'),
(574, 42, 46, 11, 'text', 'male', '2026-01-28 06:12:27'),
(575, 42, 46, 12, 'text', 'VT1234', '2026-01-28 06:12:27'),
(576, 42, 46, 13, 'text', '30-01-2026', '2026-01-28 06:12:27'),
(577, 42, 46, 14, 'text', 'Dukes', '2026-01-28 06:12:27'),
(578, 42, 46, 15, 'text', 'Pataya', '2026-01-28 06:12:27'),
(579, 43, 47, 1, 'text', 'Freddy', '2026-01-28 06:52:44'),
(580, 43, 47, 2, 'text', 'Kruger', '2026-01-28 06:52:44'),
(581, 43, 47, 3, 'text', 'F12345', '2026-01-28 06:52:44'),
(582, 43, 47, 6, 'text', 'India', '2026-01-28 06:52:44'),
(583, 43, 47, 7, 'text', '11-12-2020', '2026-01-28 06:52:44'),
(584, 43, 47, 8, 'text', '11-12-2030', '2026-01-28 06:52:44'),
(585, 43, 47, 9, 'text', 'Texas', '2026-01-28 06:52:44'),
(586, 43, 47, 10, 'text', '03-05-1975', '2026-01-28 06:52:44'),
(587, 43, 47, 11, 'text', 'male', '2026-01-28 06:52:44'),
(588, 43, 47, 12, 'text', 'TX1234', '2026-01-28 06:52:44'),
(589, 43, 47, 13, 'text', '26-02-2026', '2026-01-28 06:52:44'),
(590, 43, 47, 14, 'text', 'Nightmare', '2026-01-28 06:52:44'),
(591, 43, 47, 15, 'text', 'Elm Street', '2026-01-28 06:52:44'),
(592, 44, 48, 1, 'text', 'jeremy', '2026-01-28 07:17:53'),
(593, 44, 48, 2, 'text', 'rennner', '2026-01-28 07:17:53'),
(594, 44, 48, 3, 'text', 'J12345', '2026-01-28 07:17:53'),
(595, 44, 48, 6, 'text', 'india', '2026-01-28 07:17:53'),
(596, 44, 48, 7, 'text', '11-11-2020', '2026-01-28 07:17:53'),
(597, 44, 48, 8, 'text', '11-11-2030', '2026-01-28 07:17:53'),
(598, 44, 48, 9, 'text', 'delaware', '2026-01-28 07:17:53'),
(599, 44, 48, 10, 'text', '11-12-2002', '2026-01-28 07:17:53'),
(600, 44, 48, 11, 'text', 'male', '2026-01-28 07:17:53'),
(601, 44, 48, 12, 'text', 'JT1234', '2026-01-28 07:17:53'),
(602, 44, 48, 13, 'text', '26-02-2026', '2026-01-28 07:17:53'),
(603, 44, 48, 14, 'text', 'Hawk', '2026-01-28 07:17:53'),
(604, 44, 48, 15, 'text', 'Eye', '2026-01-28 07:17:53'),
(605, 45, 49, 1, 'text', 'Alex', '2026-01-28 07:40:41'),
(606, 45, 49, 2, 'text', 'Patel', '2026-01-28 07:40:41'),
(607, 45, 49, 3, 'text', 'A098765', '2026-01-28 07:40:41'),
(608, 45, 49, 6, 'text', 'India', '2026-01-28 07:40:41'),
(609, 45, 49, 7, 'text', '09-03-2020', '2026-01-28 07:40:41'),
(610, 45, 49, 8, 'text', '09-03-2036', '2026-01-28 07:40:41'),
(611, 45, 49, 9, 'text', 'Tamilnadu', '2026-01-28 07:40:41'),
(612, 45, 49, 10, 'text', '09-03-1999', '2026-01-28 07:40:41'),
(613, 45, 49, 11, 'text', 'male', '2026-01-28 07:40:41'),
(614, 45, 49, 12, 'text', 'AA2026', '2026-01-28 07:40:41'),
(615, 45, 49, 13, 'text', '01-03-2026', '2026-01-28 07:40:41'),
(616, 45, 49, 14, 'text', 'Santara', '2026-01-28 07:40:41'),
(617, 45, 49, 15, 'text', 'Goa', '2026-01-28 07:40:41'),
(618, 45, 50, 1, 'text', 'Akshar', '2026-01-28 07:40:41'),
(619, 45, 50, 2, 'text', 'Patel', '2026-01-28 07:40:41'),
(620, 45, 50, 3, 'text', 'B098765', '2026-01-28 07:40:41'),
(621, 45, 50, 6, 'text', 'Thailand', '2026-01-28 07:40:41'),
(622, 45, 50, 7, 'text', '12-12-2025', '2026-01-28 07:40:41'),
(623, 45, 50, 8, 'text', '12-12-2035', '2026-01-28 07:40:41'),
(624, 45, 50, 9, 'text', 'kolkatta', '2026-01-28 07:40:41'),
(625, 45, 50, 10, 'text', '09-03-2000', '2026-01-28 07:40:41'),
(626, 45, 50, 11, 'text', 'male', '2026-01-28 07:40:41'),
(627, 45, 50, 12, 'text', 'AP123654', '2026-01-28 07:40:41'),
(628, 45, 50, 13, 'text', '09-03-2026', '2026-01-28 07:40:41'),
(629, 45, 50, 14, 'text', 'Play', '2026-01-28 07:40:41'),
(630, 45, 50, 15, 'text', 'macow', '2026-01-28 07:40:41'),
(631, 46, 51, 1, 'text', 'Gray', '2026-01-28 07:57:22'),
(632, 46, 51, 2, 'text', 'Hell', '2026-01-28 07:57:22'),
(633, 46, 51, 3, 'text', 'G12345', '2026-01-28 07:57:22'),
(634, 46, 51, 6, 'text', 'India', '2026-01-28 07:57:22'),
(635, 46, 51, 7, 'text', '11-12-2020', '2026-01-28 07:57:22'),
(636, 46, 51, 8, 'text', '11-12-2030', '2026-01-28 07:57:22'),
(637, 46, 51, 9, 'text', 'chennai', '2026-01-28 07:57:22'),
(638, 46, 51, 10, 'text', '11-12-2000', '2026-01-28 07:57:22'),
(639, 46, 51, 11, 'text', 'male', '2026-01-28 07:57:22'),
(640, 46, 51, 12, 'text', 'JT1234', '2026-01-28 07:57:22'),
(641, 46, 51, 13, 'text', '30-01-2026', '2026-01-28 07:57:22'),
(642, 46, 51, 14, 'text', 'island', '2026-01-28 07:57:22'),
(643, 46, 51, 15, 'text', 'Lost', '2026-01-28 07:57:22'),
(644, 46, 52, 1, 'text', 'Red', '2026-01-28 07:57:22'),
(645, 46, 52, 2, 'text', 'Hell', '2026-01-28 07:57:22'),
(646, 46, 52, 3, 'text', 'R123456', '2026-01-28 07:57:22'),
(647, 46, 52, 6, 'text', 'india', '2026-01-28 07:57:22'),
(648, 46, 52, 7, 'text', '11-11-2020', '2026-01-28 07:57:22'),
(649, 46, 52, 8, 'text', '11-11-2030', '2026-01-28 07:57:22'),
(650, 46, 52, 9, 'text', 'Chennai', '2026-01-28 07:57:22'),
(651, 46, 52, 10, 'text', '11-11-2000', '2026-01-28 07:57:22'),
(652, 46, 52, 11, 'text', 'male', '2026-01-28 07:57:22'),
(653, 46, 52, 12, 'text', 'JT1234', '2026-01-28 07:57:22'),
(654, 46, 52, 13, 'text', '30-01-2026', '2026-01-28 07:57:22'),
(655, 46, 52, 14, 'text', 'island', '2026-01-28 07:57:22'),
(656, 46, 52, 15, 'text', 'Lost', '2026-01-28 07:57:22'),
(657, 47, 53, 1, 'text', 'James', '2026-01-28 09:04:23'),
(658, 47, 53, 2, 'text', 'Head', '2026-01-28 09:04:23'),
(659, 47, 53, 3, 'text', 'J1234', '2026-01-28 09:04:23'),
(660, 47, 53, 6, 'text', 'India', '2026-01-28 09:04:23'),
(661, 47, 53, 7, 'text', '11-12-2010', '2026-01-28 09:04:23'),
(662, 47, 53, 8, 'text', '11-12-2030', '2026-01-28 09:04:23'),
(663, 47, 53, 9, 'text', 'Jaipur', '2026-01-28 09:04:23'),
(664, 47, 53, 10, 'text', '11-12-2000', '2026-01-28 09:04:23'),
(665, 47, 53, 11, 'text', 'male', '2026-01-28 09:04:23'),
(666, 47, 53, 12, 'text', 'JT1234', '2026-01-28 09:04:23'),
(667, 47, 53, 13, 'text', '27-02-2026', '2026-01-28 09:04:23'),
(668, 47, 53, 14, 'text', 'Home', '2026-01-28 09:04:23'),
(669, 47, 53, 15, 'text', 'Bangkok', '2026-01-28 09:04:23'),
(670, 47, 54, 1, 'text', 'Jenny', '2026-01-28 09:04:23'),
(671, 47, 54, 2, 'text', 'Head', '2026-01-28 09:04:23'),
(672, 47, 54, 3, 'text', 'J1234', '2026-01-28 09:04:23'),
(673, 47, 54, 6, 'text', 'India', '2026-01-28 09:04:23'),
(674, 47, 54, 7, 'text', '11-12-2020', '2026-01-28 09:04:23'),
(675, 47, 54, 8, 'text', '11-12-2030', '2026-01-28 09:04:23'),
(676, 47, 54, 9, 'text', 'Jaipur', '2026-01-28 09:04:23'),
(677, 47, 54, 10, 'text', '11-12-2000', '2026-01-28 09:04:23'),
(678, 47, 54, 11, 'text', 'female', '2026-01-28 09:04:23'),
(679, 47, 54, 12, 'text', 'JT1234', '2026-01-28 09:04:23'),
(680, 47, 54, 13, 'text', '27-02-2026', '2026-01-28 09:04:23'),
(681, 47, 54, 14, 'text', 'Home', '2026-01-28 09:04:23'),
(682, 47, 54, 15, 'text', 'Bangkok', '2026-01-28 09:04:23'),
(683, 48, 55, 1, 'text', 'Gary', '2026-01-28 09:51:41'),
(684, 48, 55, 2, 'text', 'Tems', '2026-01-28 09:51:41'),
(685, 48, 55, 3, 'text', 'H1234', '2026-01-28 09:51:41'),
(686, 48, 55, 6, 'text', 'India', '2026-01-28 09:51:41'),
(687, 48, 55, 7, 'text', '11-12-2020', '2026-01-28 09:51:41'),
(688, 48, 55, 8, 'text', '11-12-2030', '2026-01-28 09:51:41'),
(689, 48, 55, 9, 'text', 'Jaipur', '2026-01-28 09:51:41'),
(690, 48, 55, 10, 'text', '11-12-2002', '2026-01-28 09:51:41'),
(691, 48, 55, 11, 'text', 'male', '2026-01-28 09:51:41'),
(692, 48, 55, 12, 'text', 'JT1234', '2026-01-28 09:51:41'),
(693, 48, 55, 13, 'text', '26-02-2026', '2026-01-28 09:51:41'),
(694, 48, 55, 14, 'text', 'Hell', '2026-01-28 09:51:41'),
(695, 48, 55, 15, 'text', 'Bangkok', '2026-01-28 09:51:41'),
(696, 49, 56, 1, 'text', 'Frank', '2026-01-28 10:20:59'),
(697, 49, 56, 2, 'text', 'Monster', '2026-01-28 10:20:59'),
(698, 49, 56, 3, 'text', 'F1234', '2026-01-28 10:20:59'),
(699, 49, 56, 6, 'text', 'India', '2026-01-28 10:20:59'),
(700, 49, 56, 7, 'text', '11-11-2000', '2026-01-28 10:20:59'),
(701, 49, 56, 8, 'text', '11-11-2030', '2026-01-28 10:20:59'),
(702, 49, 56, 9, 'text', 'Frankenstien Castle', '2026-01-28 10:20:59'),
(703, 49, 56, 10, 'text', '11-11-1999', '2026-01-28 10:20:59'),
(704, 49, 56, 11, 'text', 'male', '2026-01-28 10:20:59'),
(705, 49, 56, 12, 'text', 'FK1234', '2026-01-28 10:20:59'),
(706, 49, 56, 13, 'text', '20-02-2026', '2026-01-28 10:20:59'),
(707, 49, 56, 14, 'text', 'Fire', '2026-01-28 10:20:59'),
(708, 49, 56, 15, 'text', 'Die', '2026-01-28 10:20:59'),
(709, 50, 57, 1, 'text', 'the', '2026-01-28 10:35:52'),
(710, 50, 57, 2, 'text', 'idiot', '2026-01-28 10:35:52'),
(711, 50, 57, 3, 'text', 'J12345', '2026-01-28 10:35:52'),
(712, 50, 57, 6, 'text', 'India', '2026-01-28 10:35:52'),
(713, 50, 57, 7, 'text', '12-11-2020', '2026-01-28 10:35:52'),
(714, 50, 57, 8, 'text', '12-11-2030', '2026-01-28 10:35:52'),
(715, 50, 57, 9, 'text', 'hell', '2026-01-28 10:35:52'),
(716, 50, 57, 10, 'text', '12-11-2000', '2026-01-28 10:35:52'),
(717, 50, 57, 11, 'text', 'male', '2026-01-28 10:35:52'),
(718, 50, 57, 12, 'text', 'JT1234', '2026-01-28 10:35:52'),
(719, 50, 57, 13, 'text', '11-03-2026', '2026-01-28 10:35:52'),
(720, 50, 57, 14, 'text', 'Devils Home', '2026-01-28 10:35:52'),
(721, 50, 57, 15, 'text', 'Underworld', '2026-01-28 10:35:52'),
(722, 51, 58, 1, 'text', 'qwc', '2026-01-29 06:34:37'),
(723, 51, 58, 2, 'text', 'AXASXQWDC', '2026-01-29 06:34:37'),
(724, 51, 58, 3, 'text', 'AF3456789', '2026-01-29 06:34:37'),
(725, 51, 58, 6, 'text', 'INDIA', '2026-01-29 06:34:37'),
(726, 51, 58, 7, 'text', '20-11-2020', '2026-01-29 06:34:37'),
(727, 51, 58, 8, 'text', '20-11-2030', '2026-01-29 06:34:37'),
(728, 51, 58, 9, 'text', 'DUBAI', '2026-01-29 06:34:37'),
(729, 51, 58, 10, 'text', '11-10-2004', '2026-01-29 06:34:37'),
(730, 51, 58, 11, 'text', 'male', '2026-01-29 06:34:37'),
(731, 51, 58, 12, 'text', 'AF345678', '2026-01-29 06:34:37'),
(732, 51, 58, 13, 'text', '30-01-2026', '2026-01-29 06:34:37'),
(733, 51, 58, 14, 'text', 'RAAJ', '2026-01-29 06:34:37'),
(734, 51, 58, 15, 'text', 'TELLY', '2026-01-29 06:34:37'),
(735, 51, 59, 1, 'text', 'Milan', '2026-01-29 06:34:37'),
(736, 51, 59, 2, 'text', 'qwd2ed', '2026-01-29 06:34:37'),
(737, 51, 59, 3, 'text', 'AG4567890', '2026-01-29 06:34:37'),
(738, 51, 59, 6, 'text', 'ITALY', '2026-01-29 06:34:37'),
(739, 51, 59, 7, 'text', '12-07-2020', '2026-01-29 06:34:37'),
(740, 51, 59, 8, 'text', '12-07-2030', '2026-01-29 06:34:37'),
(741, 51, 59, 9, 'text', 'Delhi', '2026-01-29 06:34:37'),
(742, 51, 59, 10, 'text', '12-05-2003', '2026-01-29 06:34:37'),
(743, 51, 59, 11, 'text', 'female', '2026-01-29 06:34:37'),
(744, 51, 59, 12, 'text', 'AGH4567890', '2026-01-29 06:34:37'),
(745, 51, 59, 13, 'text', '30-01-2026', '2026-01-29 06:34:37'),
(746, 51, 59, 14, 'text', 'TAAJ', '2026-01-29 06:34:37'),
(747, 51, 59, 15, 'text', 'HUOOP', '2026-01-29 06:34:37'),
(748, 52, 60, 1, 'text', 'Yeti', '2026-01-29 07:48:16'),
(749, 52, 60, 2, 'text', 'Frozen', '2026-01-29 07:48:16'),
(750, 52, 60, 3, 'text', 'Y12345', '2026-01-29 07:48:16'),
(751, 52, 60, 6, 'text', 'India', '2026-01-29 07:48:16'),
(752, 52, 60, 7, 'text', '29-01-2020', '2026-01-29 07:48:16'),
(753, 52, 60, 8, 'text', '29-01-2030', '2026-01-29 07:48:16'),
(754, 52, 60, 9, 'text', 'Himalayas', '2026-01-29 07:48:16'),
(755, 52, 60, 10, 'text', '16-02-2016', '2026-01-29 07:48:16'),
(756, 52, 60, 11, 'text', 'male', '2026-01-29 07:48:16'),
(757, 52, 60, 12, 'text', 'YT1234', '2026-01-29 07:48:16'),
(758, 52, 60, 13, 'text', '27-02-2026', '2026-01-29 07:48:16'),
(759, 52, 60, 14, 'text', 'Brrrr', '2026-01-29 07:48:16'),
(760, 52, 60, 15, 'text', 'Cold', '2026-01-29 07:48:16'),
(761, 53, 61, 1, 'text', 'hjkl', '2026-01-29 08:37:07'),
(762, 53, 61, 2, 'text', 'dfghjk', '2026-01-29 08:37:07'),
(763, 53, 61, 3, 'text', 'AF45789', '2026-01-29 08:37:07'),
(764, 53, 61, 6, 'text', 'India', '2026-01-29 08:37:07'),
(765, 53, 61, 7, 'text', '29-01-2020', '2026-01-29 08:37:07'),
(766, 53, 61, 8, 'text', '29-01-2030', '2026-01-29 08:37:07'),
(767, 53, 61, 9, 'text', 'Goa', '2026-01-29 08:37:07'),
(768, 53, 61, 10, 'text', '15-08-2002', '2026-01-29 08:37:07'),
(769, 53, 61, 11, 'text', 'male', '2026-01-29 08:37:07'),
(770, 53, 61, 12, 'text', 'ASG4589', '2026-01-29 08:37:07'),
(771, 53, 61, 13, 'text', '30-01-2026', '2026-01-29 08:37:07'),
(772, 53, 61, 14, 'text', 'ASCQSCQ', '2026-01-29 08:37:07'),
(773, 53, 61, 15, 'text', 'DXQWXQWCX', '2026-01-29 08:37:07'),
(774, 54, 62, 1, 'text', 'asfqef', '2026-01-29 11:35:06'),
(775, 54, 62, 2, 'text', 'dewdqe', '2026-01-29 11:35:06'),
(776, 54, 62, 3, 'text', 'AD345678', '2026-01-29 11:35:06'),
(777, 54, 62, 4, 'file', '/fetch_file.php?path=2026%2F01%2F29%2Forder_54%2Fapplicant_1%2Ffile_1769686399_697b457f4c902.png', '2026-01-29 11:35:06'),
(778, 54, 62, 5, 'file', '/fetch_file.php?path=2026%2F01%2F29%2Forder_54%2Fapplicant_1%2Ffile_1769686405_697b458523068.png', '2026-01-29 11:35:06'),
(779, 54, 62, 6, 'text', 'QWDQEWDF', '2026-01-29 11:35:06'),
(780, 54, 62, 7, 'date', '11-10-2006', '2026-01-29 11:35:06'),
(781, 54, 62, 8, 'date', '11-10-2036', '2026-01-29 11:35:06'),
(782, 54, 62, 9, 'text', 'SCDQD', '2026-01-29 11:35:06'),
(783, 54, 62, 10, 'date', '11-10-2004', '2026-01-29 11:35:06'),
(784, 54, 62, 11, 'select', 'male', '2026-01-29 11:35:06'),
(785, 54, 62, 12, 'text', 'AS45678', '2026-01-29 11:35:06'),
(786, 54, 62, 13, 'date', '29-01-2026', '2026-01-29 11:35:06'),
(787, 54, 62, 14, 'text', 'adwefcqe', '2026-01-29 11:35:06'),
(788, 54, 62, 15, 'text', 'adqewfdq', '2026-01-29 11:35:06'),
(789, 55, 63, 1, 'text', 'sdfg', '2026-01-30 06:26:23'),
(790, 55, 63, 2, 'text', 'asdfgh', '2026-01-30 06:26:23'),
(791, 55, 63, 3, 'text', 'AF23456', '2026-01-30 06:26:23'),
(792, 55, 63, 4, 'file', '/fetch_file.php?path=2026%2F01%2F30%2Forder_55%2Fapplicant_1%2Ffile_1769754240_697c4e80b2163.png', '2026-01-30 06:26:23'),
(793, 55, 63, 5, 'file', '/fetch_file.php?path=2026%2F01%2F30%2Forder_55%2Fapplicant_1%2Ffile_1769754248_697c4e8821a1d.png', '2026-01-30 06:26:23'),
(794, 55, 63, 6, 'text', 'India', '2026-01-30 06:26:23'),
(795, 55, 63, 7, 'date', '20-04-2016', '2026-01-30 06:26:23'),
(796, 55, 63, 8, 'date', '20-12-2030', '2026-01-30 06:26:23'),
(797, 55, 63, 9, 'text', 'sdfghjk', '2026-01-30 06:26:23'),
(798, 55, 63, 10, 'date', '11-10-2004', '2026-01-30 06:26:23'),
(799, 55, 63, 11, 'select', 'male', '2026-01-30 06:26:23'),
(800, 55, 63, 12, 'text', 'SDFGH45678', '2026-01-30 06:26:23'),
(801, 55, 63, 13, 'date', '27-02-2026', '2026-01-30 06:26:23'),
(802, 55, 63, 14, 'text', 'SDFGHJ', '2026-01-30 06:26:23'),
(803, 55, 63, 15, 'text', 'SDFGHJK', '2026-01-30 06:26:23'),
(804, 56, 64, 1, 'text', 'Milan', '2026-01-30 06:55:39'),
(805, 56, 64, 2, 'text', 'patel', '2026-01-30 06:55:39'),
(806, 56, 64, 3, 'text', 'AF345678', '2026-01-30 06:55:39'),
(807, 56, 64, 4, 'file', '/fetch_file.php?path=2026%2F01%2F30%2Forder_56%2Fapplicant_1%2Ffile_1769756028_697c557cb3c94.png', '2026-01-30 06:55:39'),
(808, 56, 64, 5, 'file', '/fetch_file.php?path=2026%2F01%2F30%2Forder_56%2Fapplicant_1%2Ffile_1769756039_697c558729097.png', '2026-01-30 06:55:39'),
(809, 56, 64, 6, 'text', 'India', '2026-01-30 06:55:39'),
(810, 56, 64, 7, 'date', '20-12-2016', '2026-01-30 06:55:39'),
(811, 56, 64, 8, 'date', '20-12-2030', '2026-01-30 06:55:39'),
(812, 56, 64, 9, 'text', 'dELHI', '2026-01-30 06:55:39'),
(813, 56, 64, 10, 'date', '11-10-2004', '2026-01-30 06:55:39'),
(814, 56, 64, 11, 'select', 'male', '2026-01-30 06:55:39'),
(815, 56, 64, 12, 'text', 'AF45', '2026-01-30 06:55:39'),
(816, 56, 64, 13, 'date', '31-01-2026', '2026-01-30 06:55:39'),
(817, 56, 64, 14, 'text', 'Taj hotel', '2026-01-30 06:55:39'),
(818, 56, 64, 15, 'text', 'Telly', '2026-01-30 06:55:39'),
(819, 57, 65, 1, 'text', 'fds', '2026-01-30 07:37:09'),
(820, 57, 65, 2, 'text', 'saFDS', '2026-01-30 07:37:09'),
(821, 57, 65, 3, 'text', 'AF3457', '2026-01-30 07:37:09'),
(822, 57, 65, 4, 'file', '/fetch_file.php?path=2026%2F01%2F30%2Forder_57%2Fapplicant_1%2Ffile_1769758551_697c5f5715d6e.png', '2026-01-30 07:37:09'),
(823, 57, 65, 5, 'file', '/fetch_file.php?path=2026%2F01%2F30%2Forder_57%2Fapplicant_1%2Ffile_1769758557_697c5f5d93958.png', '2026-01-30 07:37:09'),
(824, 57, 65, 6, 'text', 'INDIA', '2026-01-30 07:37:09'),
(825, 57, 65, 7, 'date', '12-06-2016', '2026-01-30 07:37:09'),
(826, 57, 65, 8, 'date', '12-08-2030', '2026-01-30 07:37:09'),
(827, 57, 65, 9, 'text', 'DFGHJK', '2026-01-30 07:37:09'),
(828, 57, 65, 10, 'date', '11-10-2004', '2026-01-30 07:37:09'),
(829, 57, 65, 11, 'select', 'male', '2026-01-30 07:37:09'),
(830, 57, 65, 12, 'text', 'AG67', '2026-01-30 07:37:09'),
(831, 57, 65, 13, 'date', '31-01-2026', '2026-01-30 07:37:09'),
(832, 57, 65, 14, 'text', 'DFGHJK', '2026-01-30 07:37:09'),
(833, 57, 65, 15, 'text', 'GHJK', '2026-01-30 07:37:09'),
(834, 58, 66, 1, 'text', 'fdsasdfd', '2026-01-30 07:42:32'),
(835, 58, 66, 2, 'text', 'fhgfdew', '2026-01-30 07:42:32'),
(836, 58, 66, 3, 'text', 'AF45678', '2026-01-30 07:42:32'),
(837, 58, 66, 4, 'file', '/fetch_file.php?path=2026%2F01%2F30%2Forder_58%2Fapplicant_1%2Ffile_1769758859_697c608b7686e.png', '2026-01-30 07:42:32'),
(838, 58, 66, 5, 'file', '/fetch_file.php?path=2026%2F01%2F30%2Forder_58%2Fapplicant_1%2Ffile_1769758874_697c609a97f6d.png', '2026-01-30 07:42:32'),
(839, 58, 66, 6, 'text', 'INDIA', '2026-01-30 07:42:32'),
(840, 58, 66, 7, 'date', '18-01-2012', '2026-01-30 07:42:32'),
(841, 58, 66, 8, 'date', '25-01-2029', '2026-01-30 07:42:32'),
(842, 58, 66, 9, 'text', 'SDFGY', '2026-01-30 07:42:32'),
(843, 58, 66, 10, 'date', '11-10-2004', '2026-01-30 07:42:32'),
(844, 58, 66, 11, 'select', 'male', '2026-01-30 07:42:32'),
(845, 58, 66, 12, 'text', 'AR4578', '2026-01-30 07:42:32'),
(846, 58, 66, 13, 'date', '31-01-2026', '2026-01-30 07:42:32'),
(847, 58, 66, 14, 'text', 'FGHJK', '2026-01-30 07:42:32'),
(848, 58, 66, 15, 'text', 'SDFGHJK', '2026-01-30 07:42:32'),
(849, 59, 67, 1, 'text', 'asdfghj', '2026-01-30 12:37:31');
INSERT INTO `applicant_answers` (`id`, `order_id`, `applicant_id`, `question_id`, `answer_type`, `answer_text`, `created_at`) VALUES
(850, 59, 67, 2, 'text', 'xcvbh', '2026-01-30 12:37:31'),
(851, 59, 67, 3, 'text', 'ASD345', '2026-01-30 12:37:31'),
(852, 59, 67, 4, 'file', '2026/01/30/order_1769776592/applicant_1/file_1769776592_697ca5d0270ee.png', '2026-01-30 12:37:31'),
(853, 59, 67, 5, 'file', '2026/01/30/order_1769776592/applicant_1/file_1769776596_697ca5d478d9a.png', '2026-01-30 12:37:31'),
(854, 59, 67, 6, 'text', 'SDFGH', '2026-01-30 12:37:31'),
(855, 59, 67, 7, 'date', '11-10-2015', '2026-01-30 12:37:31'),
(856, 59, 67, 8, 'date', '11-10-2030', '2026-01-30 12:37:31'),
(857, 59, 67, 9, 'text', 'SDF', '2026-01-30 12:37:31'),
(858, 59, 67, 10, 'date', '1-10-2004', '2026-01-30 12:37:31'),
(859, 59, 67, 11, 'select', 'male', '2026-01-30 12:37:31'),
(860, 59, 67, 12, 'text', 'ASD345', '2026-01-30 12:37:31'),
(861, 59, 67, 13, 'date', '31-01-2026', '2026-01-30 12:37:31'),
(862, 59, 67, 14, 'text', 'DFG', '2026-01-30 12:37:31'),
(863, 59, 67, 15, 'text', 'DFGH', '2026-01-30 12:37:31'),
(864, 60, 68, 1, 'text', 'dfkld;f', '2026-01-31 06:39:25'),
(865, 60, 68, 2, 'text', 'khdsgjj', '2026-01-31 06:39:25'),
(866, 60, 68, 3, 'text', '2345678', '2026-01-31 06:39:25'),
(867, 60, 68, 6, 'text', 'india', '2026-01-31 06:39:25'),
(868, 60, 68, 7, 'text', '20-01-2026', '2026-01-31 06:39:25'),
(869, 60, 68, 8, 'text', '30-01-2027', '2026-01-31 06:39:25'),
(870, 60, 68, 9, 'text', 'god', '2026-01-31 06:39:25'),
(871, 60, 68, 10, 'text', '30-01-2005', '2026-01-31 06:39:25'),
(872, 60, 68, 11, 'text', 'female', '2026-01-31 06:39:25'),
(873, 60, 68, 12, 'text', 'LO319', '2026-01-31 06:39:25'),
(874, 60, 68, 13, 'text', '23-12-2026', '2026-01-31 06:39:25'),
(875, 60, 68, 14, 'text', 'fghj', '2026-01-31 06:39:25'),
(876, 60, 68, 15, 'text', 'fghjk', '2026-01-31 06:39:25'),
(877, 63, 69, 1, 'text', 'Kumar', '2026-02-02 06:14:33'),
(878, 63, 69, 2, 'text', 'cvbnm', '2026-02-02 06:14:33'),
(879, 63, 69, 3, 'text', 'J1234', '2026-02-02 06:14:33'),
(880, 63, 69, 4, 'file', '/fetch_file.php?path=2026%2F02%2F02%2Forder_63%2Fapplicant_1%2Ffile_1770012683_6980400bc1b08.jpeg', '2026-02-02 06:14:33'),
(881, 63, 69, 5, 'file', '/fetch_file.php?path=2026%2F02%2F02%2Forder_63%2Fapplicant_1%2Ffile_1770012695_69804017e720f.jpeg', '2026-02-02 06:14:33'),
(882, 63, 69, 6, 'text', 'India', '2026-02-02 06:14:33'),
(883, 63, 69, 7, 'date', '2020-11-12', '2026-02-02 06:14:33'),
(884, 63, 69, 8, 'date', '2030-11-12', '2026-02-02 06:14:33'),
(885, 63, 69, 9, 'text', 'ghjkl', '2026-02-02 06:14:33'),
(886, 63, 69, 10, 'date', '2002-02-02', '2026-02-02 06:14:33'),
(887, 63, 69, 11, 'select', 'male', '2026-02-02 06:14:33'),
(888, 63, 69, 12, 'text', 'JT12345', '2026-02-02 06:14:33'),
(889, 63, 69, 13, 'date', '2026-02-20', '2026-02-02 06:14:33'),
(890, 63, 69, 14, 'text', 'dfghjk', '2026-02-02 06:14:33'),
(891, 63, 69, 15, 'text', 'dfghjk', '2026-02-02 06:14:33'),
(892, 66, 70, 1, 'text', 'asdv', '2026-02-02 07:13:39'),
(893, 66, 70, 2, 'text', 'sdfcv', '2026-02-02 07:13:39'),
(894, 66, 70, 3, 'text', 'F1234', '2026-02-02 07:13:39'),
(895, 66, 70, 4, 'file', '/fetch_file.php?path=2026%2F02%2F02%2Forder_66%2Fapplicant_1%2Ffile_1770016348_69804e5cc2b4a.jpeg', '2026-02-02 07:13:39'),
(896, 66, 70, 5, 'file', '/fetch_file.php?path=2026%2F02%2F02%2Forder_66%2Fapplicant_1%2Ffile_1770016357_69804e657877e.jpeg', '2026-02-02 07:13:39'),
(897, 66, 70, 6, 'text', 'ghjkl', '2026-02-02 07:13:39'),
(898, 66, 70, 7, 'date', '02-02-2020', '2026-02-02 07:13:39'),
(899, 66, 70, 8, 'date', '02-02-2030', '2026-02-02 07:13:39'),
(900, 66, 70, 9, 'text', 'fghjkl;', '2026-02-02 07:13:39'),
(901, 66, 70, 10, 'date', '02-02-2000', '2026-02-02 07:13:39'),
(902, 66, 70, 11, 'select', 'male', '2026-02-02 07:13:39'),
(903, 66, 70, 12, 'text', 'HJ1234', '2026-02-02 07:13:39'),
(904, 66, 70, 13, 'date', '28-02-2026', '2026-02-02 07:13:39'),
(905, 66, 70, 14, 'text', 'fghjkl', '2026-02-02 07:13:39'),
(906, 66, 70, 15, 'text', 'fghjkl;&#039;', '2026-02-02 07:13:39'),
(907, 67, 71, 1, 'text', 'vjk', '2026-02-02 07:30:25'),
(908, 67, 71, 2, 'text', 'ghdfg', '2026-02-02 07:30:25'),
(909, 67, 71, 3, 'text', 'SDF45678', '2026-02-02 07:30:25'),
(910, 67, 71, 4, 'file', '/fetch_file.php?path=2026%2F02%2F02%2Forder_67%2Fapplicant_1%2Ffile_1770017311_6980521f0d7e3.png', '2026-02-02 07:30:25'),
(911, 67, 71, 5, 'file', '/fetch_file.php?path=2026%2F02%2F02%2Forder_67%2Fapplicant_1%2Ffile_1770017323_6980522b127c5.png', '2026-02-02 07:30:25'),
(912, 67, 71, 6, 'text', 'FGHJ', '2026-02-02 07:30:25'),
(913, 67, 71, 7, 'date', '12-05-2020', '2026-02-02 07:30:25'),
(914, 67, 71, 8, 'date', '12-05-2030', '2026-02-02 07:30:25'),
(915, 67, 71, 9, 'text', 'HJK', '2026-02-02 07:30:25'),
(916, 67, 71, 10, 'date', '11-10-2004', '2026-02-02 07:30:25'),
(917, 67, 71, 11, 'select', 'male', '2026-02-02 07:30:25'),
(918, 67, 71, 12, 'text', 'ADFGH67890', '2026-02-02 07:30:25'),
(919, 67, 71, 13, 'date', '28-02-2026', '2026-02-02 07:30:25'),
(920, 67, 71, 14, 'text', 'ASDFGH', '2026-02-02 07:30:25'),
(921, 67, 71, 15, 'text', 'SDFGH', '2026-02-02 07:30:25'),
(922, 68, 72, 1, 'text', 'asdfghn', '2026-02-02 07:53:22'),
(923, 68, 72, 2, 'text', 'asdfg', '2026-02-02 07:53:22'),
(924, 68, 72, 3, 'text', 'G12345', '2026-02-02 07:53:22'),
(925, 68, 72, 4, 'file', '/fetch_file.php?path=2026%2F02%2F02%2Forder_68%2Fapplicant_1%2Ffile_1770018734_698057ae79ba7.jpeg', '2026-02-02 07:53:22'),
(926, 68, 72, 5, 'file', '/fetch_file.php?path=2026%2F02%2F02%2Forder_68%2Fapplicant_1%2Ffile_1770018742_698057b6230aa.jpeg', '2026-02-02 07:53:22'),
(927, 68, 72, 6, 'text', 'lkjhgb', '2026-02-02 07:53:22'),
(928, 68, 72, 7, 'date', '02-02-2009', '2026-02-02 07:53:22'),
(929, 68, 72, 8, 'date', '02-02-2028', '2026-02-02 07:53:22'),
(930, 68, 72, 9, 'text', 'lkjhgf', '2026-02-02 07:53:22'),
(931, 68, 72, 10, 'date', '02-02-2002', '2026-02-02 07:53:22'),
(932, 68, 72, 11, 'select', 'male', '2026-02-02 07:53:22'),
(933, 68, 72, 12, 'text', 'FY23456', '2026-02-02 07:53:22'),
(934, 68, 72, 13, 'date', '27-02-2026', '2026-02-02 07:53:22'),
(935, 68, 72, 14, 'text', 'dfghjk', '2026-02-02 07:53:22'),
(936, 68, 72, 15, 'text', 'dfghjkl', '2026-02-02 07:53:22'),
(937, 70, 73, 1, 'text', 'fghjkl', '2026-02-02 07:56:10'),
(938, 70, 73, 2, 'text', 'sdfghjk', '2026-02-02 07:56:10'),
(939, 70, 73, 3, 'text', 'AS3456', '2026-02-02 07:56:10'),
(940, 70, 73, 4, 'file', '/fetch_file.php?path=2026%2F02%2F02%2Forder_70%2Fapplicant_1%2Ffile_1770018850_69805822d638d.png', '2026-02-02 07:56:10'),
(941, 70, 73, 5, 'file', '/fetch_file.php?path=2026%2F02%2F02%2Forder_70%2Fapplicant_1%2Ffile_1770018857_698058290b0cb.png', '2026-02-02 07:56:10'),
(942, 70, 73, 6, 'text', 'DFGHJK', '2026-02-02 07:56:10'),
(943, 70, 73, 7, 'date', '26-02-2015', '2026-02-02 07:56:10'),
(944, 70, 73, 8, 'date', '20-02-2036', '2026-02-02 07:56:10'),
(945, 70, 73, 9, 'text', 'SDFGHJ', '2026-02-02 07:56:10'),
(946, 70, 73, 10, 'date', '11-10-2004', '2026-02-02 07:56:10'),
(947, 70, 73, 11, 'select', 'male', '2026-02-02 07:56:10'),
(948, 70, 73, 12, 'text', 'SDW456', '2026-02-02 07:56:10'),
(949, 70, 73, 13, 'date', '28-02-2026', '2026-02-02 07:56:10'),
(950, 70, 73, 14, 'text', 'DFGHJK', '2026-02-02 07:56:10'),
(951, 70, 73, 15, 'text', 'DFGHJ', '2026-02-02 07:56:10'),
(952, 71, 74, 1, 'text', 'asdvbn', '2026-02-02 08:15:31'),
(953, 71, 74, 2, 'text', 'SDzfgxcvbn', '2026-02-02 08:15:31'),
(954, 71, 74, 3, 'text', 'F12345', '2026-02-02 08:15:31'),
(955, 71, 74, 4, 'file', '/fetch_file.php?path=2026%2F02%2F02%2Forder_71%2Fapplicant_1%2Ffile_1770020043_69805ccb42786.jpeg', '2026-02-02 08:15:31'),
(956, 71, 74, 5, 'file', '/fetch_file.php?path=2026%2F02%2F02%2Forder_71%2Fapplicant_1%2Ffile_1770020049_69805cd1dbc4b.jpeg', '2026-02-02 08:15:31'),
(957, 71, 74, 6, 'text', 'esfdg', '2026-02-02 08:15:31'),
(958, 71, 74, 7, 'date', '02-02-2008', '2026-02-02 08:15:31'),
(959, 71, 74, 8, 'date', '02-02-2030', '2026-02-02 08:15:31'),
(960, 71, 74, 9, 'text', 'sfdg', '2026-02-02 08:15:31'),
(961, 71, 74, 10, 'date', '02-02-2000', '2026-02-02 08:15:31'),
(962, 71, 74, 11, 'select', 'male', '2026-02-02 08:15:31'),
(963, 71, 74, 12, 'text', 'FG2345', '2026-02-02 08:15:31'),
(964, 71, 74, 13, 'date', '28-02-2026', '2026-02-02 08:15:31'),
(965, 71, 74, 14, 'text', 'sfdgn', '2026-02-02 08:15:31'),
(966, 71, 74, 15, 'text', 'sadfg', '2026-02-02 08:15:31'),
(967, 72, 75, 1, 'text', 'dfghjk', '2026-02-02 09:24:41'),
(968, 72, 75, 2, 'text', 'sdfghjk', '2026-02-02 09:24:41'),
(969, 72, 75, 3, 'text', 'ASDFGH6789', '2026-02-02 09:24:41'),
(970, 72, 75, 4, 'file', '/fetch_file.php?path=2026%2F02%2F02%2Forder_72%2Fapplicant_1%2Ffile_1770024179_69806cf347ffd.png', '2026-02-02 09:24:41'),
(971, 72, 75, 5, 'file', '/fetch_file.php?path=2026%2F02%2F02%2Forder_72%2Fapplicant_1%2Ffile_1770024185_69806cf983ebd.png', '2026-02-02 09:24:41'),
(972, 72, 75, 6, 'text', 'DFGHJK', '2026-02-02 09:24:41'),
(973, 72, 75, 7, 'date', '15-02-2018', '2026-02-02 09:24:41'),
(974, 72, 75, 8, 'date', '12-05-2030', '2026-02-02 09:24:41'),
(975, 72, 75, 9, 'text', 'SDFGH', '2026-02-02 09:24:41'),
(976, 72, 75, 10, 'date', '11-10-2004', '2026-02-02 09:24:41'),
(977, 72, 75, 11, 'select', 'male', '2026-02-02 09:24:41'),
(978, 72, 75, 12, 'text', 'AS234', '2026-02-02 09:24:41'),
(979, 72, 75, 13, 'date', '28-02-2026', '2026-02-02 09:24:41'),
(980, 72, 75, 14, 'text', 'DFGHJK', '2026-02-02 09:24:41'),
(981, 72, 75, 15, 'text', 'SDFGHJ', '2026-02-02 09:24:41'),
(982, 73, 76, 1, 'text', 'sdfghj', '2026-02-02 09:59:34'),
(983, 73, 76, 2, 'text', 'sdfghjk', '2026-02-02 09:59:34'),
(984, 73, 76, 3, 'text', 'ASD34567', '2026-02-02 09:59:34'),
(985, 73, 76, 4, 'file', '/fetch_file.php?path=2026%2F02%2F02%2Forder_73%2Fapplicant_1%2Ffile_1770026272_6980752076fbd.pdf', '2026-02-02 09:59:34'),
(986, 73, 76, 5, 'file', '/fetch_file.php?path=2026%2F02%2F02%2Forder_73%2Fapplicant_1%2Ffile_1770026277_6980752551038.pdf', '2026-02-02 09:59:34'),
(987, 73, 76, 6, 'text', 'DSFGH', '2026-02-02 09:59:34'),
(988, 73, 76, 7, 'date', '12-02-2015', '2026-02-02 09:59:34'),
(989, 73, 76, 8, 'date', '12-05-2030', '2026-02-02 09:59:34'),
(990, 73, 76, 9, 'text', 'dfghjk', '2026-02-02 09:59:34'),
(991, 73, 76, 10, 'date', '11-10-2004', '2026-02-02 09:59:34'),
(992, 73, 76, 11, 'select', 'male', '2026-02-02 09:59:34'),
(993, 73, 76, 12, 'text', 'SDF45678', '2026-02-02 09:59:34'),
(994, 73, 76, 13, 'date', '28-02-2026', '2026-02-02 09:59:34'),
(995, 73, 76, 14, 'text', 'DYU\\', '2026-02-02 09:59:34'),
(996, 73, 76, 15, 'text', 'SDFGYUJK', '2026-02-02 09:59:34'),
(997, 74, 77, 1, 'text', 'gvhjkl.', '2026-02-02 10:32:37'),
(998, 74, 77, 2, 'text', 'kjhgvf', '2026-02-02 10:32:37'),
(999, 74, 77, 3, 'text', 'HG12345', '2026-02-02 10:32:37'),
(1000, 74, 77, 4, 'file', '/fetch_file.php?path=2026%2F02%2F02%2Forder_74%2Fapplicant_1%2Ffile_1770028261_69807ce5885e5.jpeg', '2026-02-02 10:32:37'),
(1001, 74, 77, 5, 'file', '/fetch_file.php?path=2026%2F02%2F02%2Forder_74%2Fapplicant_1%2Ffile_1770028271_69807cefcac8b.jpeg', '2026-02-02 10:32:37'),
(1002, 74, 77, 6, 'text', 'India', '2026-02-02 10:32:37'),
(1003, 74, 77, 7, 'date', '02-02-2020', '2026-02-02 10:32:37'),
(1004, 74, 77, 8, 'date', '02-02-2030', '2026-02-02 10:32:37'),
(1005, 74, 77, 9, 'text', 'lkjhgf', '2026-02-02 10:32:37'),
(1006, 74, 77, 10, 'date', '02-02-2004', '2026-02-02 10:32:37'),
(1007, 74, 77, 11, 'select', 'male', '2026-02-02 10:32:37'),
(1008, 74, 77, 12, 'text', 'GH12345', '2026-02-02 10:32:37'),
(1009, 74, 77, 13, 'date', '28-02-2026', '2026-02-02 10:32:37'),
(1010, 74, 77, 14, 'text', 'sdfghjkl', '2026-02-02 10:32:37'),
(1011, 74, 77, 15, 'text', 'sdfghjk', '2026-02-02 10:32:37'),
(1012, 75, 78, 1, 'text', 'James', '2026-02-02 11:00:46'),
(1013, 75, 78, 2, 'text', 'Horn', '2026-02-02 11:00:46'),
(1014, 75, 78, 3, 'text', 'H123456', '2026-02-02 11:00:46'),
(1015, 75, 78, 4, 'file', '/fetch_file.php?path=2026%2F02%2F02%2Forder_75%2Fapplicant_1%2Ffile_1770029951_6980837f95a87.jpeg', '2026-02-02 11:00:46'),
(1016, 75, 78, 5, 'file', '/fetch_file.php?path=2026%2F02%2F02%2Forder_75%2Fapplicant_1%2Ffile_1770029959_69808387568dd.jpeg', '2026-02-02 11:00:46'),
(1017, 75, 78, 6, 'text', 'India', '2026-02-02 11:00:46'),
(1018, 75, 78, 7, 'date', '02-02-2020', '2026-02-02 11:00:46'),
(1019, 75, 78, 8, 'date', '02-02-2030', '2026-02-02 11:00:46'),
(1020, 75, 78, 9, 'text', 'Kolkatta', '2026-02-02 11:00:46'),
(1021, 75, 78, 10, 'date', '13-02-2001', '2026-02-02 11:00:46'),
(1022, 75, 78, 11, 'select', 'male', '2026-02-02 11:00:46'),
(1023, 75, 78, 12, 'text', 'VT12345', '2026-02-02 11:00:46'),
(1024, 75, 78, 13, 'date', '10-03-2026', '2026-02-02 11:00:46'),
(1025, 75, 78, 14, 'text', 'International', '2026-02-02 11:00:46'),
(1026, 75, 78, 15, 'text', 'Bangkok', '2026-02-02 11:00:46'),
(1027, 76, 79, 1, 'text', 'asdfghj', '2026-02-02 11:26:09'),
(1028, 76, 79, 2, 'text', 'sdfghj', '2026-02-02 11:26:09'),
(1029, 76, 79, 3, 'text', 'ZSD45678', '2026-02-02 11:26:09'),
(1030, 76, 79, 4, 'file', '/fetch_file.php?path=2026%2F02%2F02%2Forder_76%2Fapplicant_1%2Ffile_1770031487_6980897f1471c.png', '2026-02-02 11:26:09'),
(1031, 76, 79, 5, 'file', '/fetch_file.php?path=2026%2F02%2F02%2Forder_76%2Fapplicant_1%2Ffile_1770031494_69808986c4a83.png', '2026-02-02 11:26:09'),
(1032, 76, 79, 6, 'text', 'fghjk', '2026-02-02 11:26:09'),
(1033, 76, 79, 7, 'date', '12-05-2015', '2026-02-02 11:26:09'),
(1034, 76, 79, 8, 'date', '12-05-2030', '2026-02-02 11:26:09'),
(1035, 76, 79, 9, 'text', 'sdfghj', '2026-02-02 11:26:09'),
(1036, 76, 79, 10, 'date', '11-10-2004', '2026-02-02 11:26:09'),
(1037, 76, 79, 11, 'select', 'male', '2026-02-02 11:26:09'),
(1038, 76, 79, 12, 'text', 'ASDF45678', '2026-02-02 11:26:09'),
(1039, 76, 79, 13, 'date', '28-02-2026', '2026-02-02 11:26:09'),
(1040, 76, 79, 14, 'text', 'qdfghj', '2026-02-02 11:26:09'),
(1041, 76, 79, 15, 'text', 'asdfghj', '2026-02-02 11:26:09'),
(1042, 77, 80, 1, 'text', 'cfghjk', '2026-02-02 11:38:28'),
(1043, 77, 80, 2, 'text', 'dfghjk', '2026-02-02 11:38:28'),
(1044, 77, 80, 3, 'text', 'D5678', '2026-02-02 11:38:28'),
(1045, 77, 80, 4, 'file', '/fetch_file.php?path=2026%2F02%2F02%2FTMP_1770032234_69808c6a54779%2Fapplicant_1%2Ffile_1770032234_69808c6a5483b.png', '2026-02-02 11:38:28'),
(1046, 77, 80, 5, 'file', '/fetch_file.php?path=2026%2F02%2F02%2FTMP_1770032234_69808c6a54779%2Fapplicant_1%2Ffile_1770032240_69808c7060c44.png', '2026-02-02 11:38:28'),
(1047, 77, 80, 6, 'text', 'XFGHJ&#039;', '2026-02-02 11:38:28'),
(1048, 77, 80, 7, 'date', '12-05-2015', '2026-02-02 11:38:28'),
(1049, 77, 80, 8, 'date', '12-05-2030', '2026-02-02 11:38:28'),
(1050, 77, 80, 9, 'text', 'FGHJK', '2026-02-02 11:38:28'),
(1051, 77, 80, 10, 'date', '10-10-2004', '2026-02-02 11:38:28'),
(1052, 77, 80, 11, 'select', 'male', '2026-02-02 11:38:28'),
(1053, 77, 80, 12, 'text', 'XGHJK', '2026-02-02 11:38:28'),
(1054, 77, 80, 13, 'date', '28-02-2026', '2026-02-02 11:38:28'),
(1055, 77, 80, 14, 'text', 'XDFGHJ', '2026-02-02 11:38:28'),
(1056, 77, 80, 15, 'text', 'CVBN', '2026-02-02 11:38:28'),
(1057, 78, 81, 1, 'text', 'cfghjk', '2026-02-02 11:38:29'),
(1058, 78, 81, 2, 'text', 'dfghjk', '2026-02-02 11:38:29'),
(1059, 78, 81, 3, 'text', 'D5678', '2026-02-02 11:38:29'),
(1060, 78, 81, 4, 'file', '/fetch_file.php?path=2026%2F02%2F02%2Forder_78%2Fapplicant_1%2Ffile_1770032234_69808c6a5483b.png', '2026-02-02 11:38:29'),
(1061, 78, 81, 5, 'file', '/fetch_file.php?path=2026%2F02%2F02%2Forder_78%2Fapplicant_1%2Ffile_1770032240_69808c7060c44.png', '2026-02-02 11:38:29'),
(1062, 78, 81, 6, 'text', 'XFGHJ&#039;', '2026-02-02 11:38:29'),
(1063, 78, 81, 7, 'date', '12-05-2015', '2026-02-02 11:38:29'),
(1064, 78, 81, 8, 'date', '12-05-2030', '2026-02-02 11:38:29'),
(1065, 78, 81, 9, 'text', 'FGHJK', '2026-02-02 11:38:29'),
(1066, 78, 81, 10, 'date', '10-10-2004', '2026-02-02 11:38:29'),
(1067, 78, 81, 11, 'select', 'male', '2026-02-02 11:38:29'),
(1068, 78, 81, 12, 'text', 'XGHJK', '2026-02-02 11:38:29'),
(1069, 78, 81, 13, 'date', '28-02-2026', '2026-02-02 11:38:29'),
(1070, 78, 81, 14, 'text', 'XDFGHJ', '2026-02-02 11:38:29'),
(1071, 78, 81, 15, 'text', 'CVBN', '2026-02-02 11:38:29'),
(1072, 79, 82, 1, 'text', 'Zee', '2026-02-03 05:51:42'),
(1073, 79, 82, 2, 'text', 'Dee', '2026-02-03 05:51:42'),
(1074, 79, 82, 3, 'text', 'Z12345', '2026-02-03 05:51:42'),
(1075, 79, 82, 4, 'file', '/fetch_file.php?path=2026%2F02%2F03%2Forder_79%2Fapplicant_1%2Ffile_1770097795_69818c833ba2d.jpeg', '2026-02-03 05:51:42'),
(1076, 79, 82, 5, 'file', '/fetch_file.php?path=2026%2F02%2F03%2Forder_79%2Fapplicant_1%2Ffile_1770097815_69818c97b8417.pdf', '2026-02-03 05:51:42'),
(1077, 79, 82, 6, 'text', 'India', '2026-02-03 05:51:42'),
(1078, 79, 82, 7, 'date', '20-02-2020', '2026-02-03 05:51:42'),
(1079, 79, 82, 8, 'date', '20-02-2030', '2026-02-03 05:51:42'),
(1080, 79, 82, 9, 'text', 'Delhi', '2026-02-03 05:51:42'),
(1081, 79, 82, 10, 'date', '03-02-2000', '2026-02-03 05:51:42'),
(1082, 79, 82, 11, 'select', 'male', '2026-02-03 05:51:42'),
(1083, 79, 82, 12, 'text', 'JT1234', '2026-02-03 05:51:42'),
(1084, 79, 82, 13, 'date', '27-02-2026', '2026-02-03 05:51:42'),
(1085, 79, 82, 14, 'text', 'International', '2026-02-03 05:51:42'),
(1086, 79, 82, 15, 'text', 'Bangkok', '2026-02-03 05:51:42'),
(1087, 80, 83, 1, 'text', 'asdghj', '2026-02-03 08:23:49'),
(1088, 80, 83, 2, 'text', 'sdfghjk', '2026-02-03 08:23:49'),
(1089, 80, 83, 3, 'text', 'SD456789', '2026-02-03 08:23:49'),
(1090, 80, 83, 4, 'file', '/fetch_file.php?path=2026%2F02%2F03%2Forder_80%2Fapplicant_1%2Ffile_1770106953_6981b04978d64.png', '2026-02-03 08:23:49'),
(1091, 80, 83, 5, 'file', '/fetch_file.php?path=2026%2F02%2F03%2Forder_80%2Fapplicant_1%2Ffile_1770106962_6981b052aab58.png', '2026-02-03 08:23:49'),
(1092, 80, 83, 6, 'text', 'SDFGH', '2026-02-03 08:23:49'),
(1093, 80, 83, 7, 'date', '12-02-2016', '2026-02-03 08:23:49'),
(1094, 80, 83, 8, 'date', '12-02-2030', '2026-02-03 08:23:49'),
(1095, 80, 83, 9, 'text', 'DFGHJ', '2026-02-03 08:23:49'),
(1096, 80, 83, 10, 'date', '11-10-2004', '2026-02-03 08:23:49'),
(1097, 80, 83, 11, 'select', 'male', '2026-02-03 08:23:49'),
(1098, 80, 83, 12, 'text', 'ASDF465678', '2026-02-03 08:23:49'),
(1099, 80, 83, 13, 'date', '28-02-2026', '2026-02-03 08:23:49'),
(1100, 80, 83, 14, 'text', 'dsfghjk', '2026-02-03 08:23:49'),
(1101, 80, 83, 15, 'text', 'ertyuio', '2026-02-03 08:23:49'),
(1102, 81, 84, 1, 'text', 'John', '2026-02-03 09:29:24'),
(1103, 81, 84, 2, 'text', 'Hell', '2026-02-03 09:29:24'),
(1104, 81, 84, 3, 'text', 'J12345', '2026-02-03 09:29:24'),
(1105, 81, 84, 4, 'file', '/fetch_file.php?path=2026%2F02%2F03%2FTMP_1770109828_6981bb841c6a9%2Fapplicant_1%2Ffile_1770109828_6981bb841c74d.jpeg', '2026-02-03 09:29:24'),
(1106, 81, 84, 5, 'file', '/fetch_file.php?path=2026%2F02%2F03%2FTMP_1770109828_6981bb841c6a9%2Fapplicant_1%2Ffile_1770109837_6981bb8d16ff5.jpeg', '2026-02-03 09:29:24'),
(1107, 81, 84, 6, 'text', 'India', '2026-02-03 09:29:24'),
(1108, 81, 84, 7, 'date', '03-02-2020', '2026-02-03 09:29:24'),
(1109, 81, 84, 8, 'date', '03-02-2030', '2026-02-03 09:29:24'),
(1110, 81, 84, 9, 'text', 'Delhi', '2026-02-03 09:29:24'),
(1111, 81, 84, 10, 'date', '03-02-2004', '2026-02-03 09:29:24'),
(1112, 81, 84, 11, 'select', 'male', '2026-02-03 09:29:24'),
(1113, 81, 84, 12, 'text', 'JT12345', '2026-02-03 09:29:24'),
(1114, 81, 84, 13, 'date', '27-02-2026', '2026-02-03 09:29:24'),
(1115, 81, 84, 14, 'text', 'Intern', '2026-02-03 09:29:24'),
(1116, 81, 84, 15, 'text', 'Pataya', '2026-02-03 09:29:24'),
(1117, 82, 85, 1, 'text', 'James', '2026-02-03 09:41:23'),
(1118, 82, 85, 2, 'text', 'Blue', '2026-02-03 09:41:23'),
(1119, 82, 85, 3, 'text', 'J12345', '2026-02-03 09:41:23'),
(1120, 82, 85, 4, 'file', '/fetch_file.php?path=2026%2F02%2F03%2FTMP_1770111519_6981c21f25b3a%2Fapplicant_1%2Ffile_1770111519_6981c21f25c05.jpeg', '2026-02-03 09:41:23'),
(1121, 82, 85, 5, 'file', '/fetch_file.php?path=2026%2F02%2F03%2FTMP_1770111519_6981c21f25b3a%2Fapplicant_1%2Ffile_1770111528_6981c2284ef2b.jpeg', '2026-02-03 09:41:23'),
(1122, 82, 85, 6, 'text', 'India', '2026-02-03 09:41:23'),
(1123, 82, 85, 7, 'date', '03-02-2020', '2026-02-03 09:41:23'),
(1124, 82, 85, 8, 'date', '03-02-2030', '2026-02-03 09:41:23'),
(1125, 82, 85, 9, 'text', 'Delhi', '2026-02-03 09:41:23'),
(1126, 82, 85, 10, 'date', '03-02-2000', '2026-02-03 09:41:23'),
(1127, 82, 85, 11, 'select', 'male', '2026-02-03 09:41:23'),
(1128, 82, 85, 12, 'text', 'VT1234', '2026-02-03 09:41:23'),
(1129, 82, 85, 13, 'date', '27-02-2026', '2026-02-03 09:41:23'),
(1130, 82, 85, 14, 'text', 'Telecom', '2026-02-03 09:41:23'),
(1131, 82, 85, 15, 'text', 'Pataya', '2026-02-03 09:41:23'),
(1132, 83, 86, 1, 'text', 'Old', '2026-02-03 10:07:47'),
(1133, 83, 86, 2, 'text', 'Yeller', '2026-02-03 10:07:47'),
(1134, 83, 86, 3, 'text', 'Y12345', '2026-02-03 10:07:47'),
(1135, 83, 86, 4, 'file', '/fetch_file.php?path=2026%2F02%2F03%2FTMP_1770113139_6981c873c9df2%2Fapplicant_1%2Ffile_1770113139_6981c873c9ebd.jpeg', '2026-02-03 10:07:47'),
(1136, 83, 86, 5, 'file', '/fetch_file.php?path=2026%2F02%2F03%2FTMP_1770113139_6981c873c9df2%2Fapplicant_1%2Ffile_1770113146_6981c87a99e7b.jpeg', '2026-02-03 10:07:47'),
(1137, 83, 86, 6, 'text', 'India', '2026-02-03 10:07:47'),
(1138, 83, 86, 7, 'date', '03-02-2020', '2026-02-03 10:07:47'),
(1139, 83, 86, 8, 'date', '03-02-2030', '2026-02-03 10:07:47'),
(1140, 83, 86, 9, 'text', 'Texas', '2026-02-03 10:07:47'),
(1141, 83, 86, 10, 'date', '03-02-2004', '2026-02-03 10:07:47'),
(1142, 83, 86, 11, 'select', 'male', '2026-02-03 10:07:47'),
(1143, 83, 86, 12, 'text', 'OY1234', '2026-02-03 10:07:47'),
(1144, 83, 86, 13, 'date', '27-02-2026', '2026-02-03 10:07:47'),
(1145, 83, 86, 14, 'text', 'House', '2026-02-03 10:07:47'),
(1146, 83, 86, 15, 'text', 'Texas', '2026-02-03 10:07:47'),
(1147, 84, 87, 1, 'text', 'dfgh', '2026-02-03 10:13:22'),
(1148, 84, 87, 2, 'text', 'dfghjk', '2026-02-03 10:13:22'),
(1149, 84, 87, 3, 'text', 'SD456', '2026-02-03 10:13:22'),
(1150, 84, 87, 4, 'file', '/fetch_file.php?path=2026%2F02%2F03%2FTMP_1770113442_6981c9a28c51f%2Fapplicant_1%2Ffile_1770113442_6981c9a28c5e9.png', '2026-02-03 10:13:22'),
(1151, 84, 87, 5, 'file', '/fetch_file.php?path=2026%2F02%2F03%2FTMP_1770113442_6981c9a28c51f%2Fapplicant_1%2Ffile_1770113447_6981c9a775437.png', '2026-02-03 10:13:22'),
(1152, 84, 87, 6, 'text', 'dfghjk', '2026-02-03 10:13:22'),
(1153, 84, 87, 7, 'date', '12-05-2015', '2026-02-03 10:13:22'),
(1154, 84, 87, 8, 'date', '12-05-2030', '2026-02-03 10:13:22'),
(1155, 84, 87, 9, 'text', 'sdfghj', '2026-02-03 10:13:22'),
(1156, 84, 87, 10, 'date', '11-10-2004', '2026-02-03 10:13:22'),
(1157, 84, 87, 11, 'select', 'male', '2026-02-03 10:13:22'),
(1158, 84, 87, 12, 'text', 'SD34567', '2026-02-03 10:13:22'),
(1159, 84, 87, 13, 'date', '04-02-2026', '2026-02-03 10:13:22'),
(1160, 84, 87, 14, 'text', 'DFGHJ', '2026-02-03 10:13:22'),
(1161, 84, 87, 15, 'text', 'SDFGHJK', '2026-02-03 10:13:22'),
(1162, 85, 88, 1, 'text', 'wsedfghnm', '2026-02-03 10:44:16'),
(1163, 85, 88, 2, 'text', 'asdvfbcnm', '2026-02-03 10:44:16'),
(1164, 85, 88, 3, 'text', 'J1234', '2026-02-03 10:44:16'),
(1165, 85, 88, 4, 'file', '/fetch_file.php?path=2026%2F02%2F03%2FTMP_1770115360_6981d120e117c%2Fapplicant_1%2Ffile_1770115360_6981d120e1250.jpeg', '2026-02-03 10:44:16'),
(1166, 85, 88, 5, 'file', '/fetch_file.php?path=2026%2F02%2F03%2FTMP_1770115360_6981d120e117c%2Fapplicant_1%2Ffile_1770115366_6981d1265cbdc.jpeg', '2026-02-03 10:44:16'),
(1167, 85, 88, 6, 'text', 'India', '2026-02-03 10:44:16'),
(1168, 85, 88, 7, 'date', '03-02-2020', '2026-02-03 10:44:16'),
(1169, 85, 88, 8, 'date', '03-02-2030', '2026-02-03 10:44:16'),
(1170, 85, 88, 9, 'text', 'kjhb', '2026-02-03 10:44:16'),
(1171, 85, 88, 10, 'date', '03-02-2003', '2026-02-03 10:44:16'),
(1172, 85, 88, 11, 'select', 'male', '2026-02-03 10:44:16'),
(1173, 85, 88, 12, 'text', 'JH123', '2026-02-03 10:44:16'),
(1174, 85, 88, 13, 'date', '27-02-2026', '2026-02-03 10:44:16'),
(1175, 85, 88, 14, 'text', 'fghj', '2026-02-03 10:44:16'),
(1176, 85, 88, 15, 'text', 'kjhgfd', '2026-02-03 10:44:16'),
(1177, 86, 89, 1, 'text', 'dkf', '2026-02-03 10:47:02'),
(1178, 86, 89, 2, 'text', 'dk', '2026-02-03 10:47:02'),
(1179, 86, 89, 3, 'text', '1234567890', '2026-02-03 10:47:02'),
(1180, 86, 89, 4, 'file', '/fetch_file.php?path=2026%2F02%2F03%2FTMP_1770114187_6981cc8b2813d%2Fapplicant_1%2Ffile_1770114187_6981cc8b28248.jpg', '2026-02-03 10:47:02'),
(1181, 86, 89, 5, 'file', '/fetch_file.php?path=2026%2F02%2F03%2FTMP_1770114187_6981cc8b2813d%2Fapplicant_1%2Ffile_1770114193_6981cc9180220.jpg', '2026-02-03 10:47:02'),
(1182, 86, 89, 6, 'text', 'lkdfg', '2026-02-03 10:47:02'),
(1183, 86, 89, 7, 'date', '12-12-2025', '2026-02-03 10:47:02'),
(1184, 86, 89, 8, 'date', '12-12-2026', '2026-02-03 10:47:02'),
(1185, 86, 89, 9, 'text', 'sdlkfj', '2026-02-03 10:47:02'),
(1186, 86, 89, 10, 'date', '12-12-2006', '2026-02-03 10:47:02'),
(1187, 86, 89, 11, 'select', 'female', '2026-02-03 10:47:02'),
(1188, 86, 89, 12, 'text', 'LO319', '2026-02-03 10:47:02'),
(1189, 86, 89, 13, 'date', '12-12-2026', '2026-02-03 10:47:02'),
(1190, 86, 89, 14, 'text', 'dkl', '2026-02-03 10:47:02'),
(1191, 86, 89, 15, 'text', 'lskd', '2026-02-03 10:47:02'),
(1192, 87, 90, 1, 'text', 'dfghjk', '2026-02-03 13:25:33'),
(1193, 87, 90, 2, 'text', 'dfghj', '2026-02-03 13:25:33'),
(1194, 87, 90, 3, 'text', 'J1234', '2026-02-03 13:25:33'),
(1195, 87, 90, 4, 'file', '/fetch_file.php?path=2026%2F02%2F03%2FTMP_1770124908_6981f66c2c00b%2Fapplicant_1%2Ffile_1770124908_6981f66c2c22f.jpeg', '2026-02-03 13:25:33'),
(1196, 87, 90, 5, 'file', '/fetch_file.php?path=2026%2F02%2F03%2FTMP_1770124908_6981f66c2c00b%2Fapplicant_1%2Ffile_1770124923_6981f67be024f.jpeg', '2026-02-03 13:25:33'),
(1197, 87, 90, 6, 'text', 'India', '2026-02-03 13:25:33'),
(1198, 87, 90, 7, 'date', '03-02-2007', '2026-02-03 13:25:33'),
(1199, 87, 90, 8, 'date', '03-02-2030', '2026-02-03 13:25:33'),
(1200, 87, 90, 9, 'text', 'Jelly', '2026-02-03 13:25:33'),
(1201, 87, 90, 10, 'date', '03-02-2005', '2026-02-03 13:25:33'),
(1202, 87, 90, 11, 'select', 'male', '2026-02-03 13:25:33'),
(1203, 87, 90, 12, 'text', 'JY1234', '2026-02-03 13:25:33'),
(1204, 87, 90, 13, 'date', '28-02-2026', '2026-02-03 13:25:33'),
(1205, 87, 90, 14, 'text', 'dfghjk', '2026-02-03 13:25:33'),
(1206, 87, 90, 15, 'text', 'fghjkl', '2026-02-03 13:25:33'),
(1207, 88, 91, 1, 'text', 'James', '2026-02-04 05:50:17'),
(1208, 88, 91, 2, 'text', 'doe', '2026-02-04 05:50:17'),
(1209, 88, 91, 3, 'text', 'J12345', '2026-02-04 05:50:17'),
(1210, 88, 91, 4, 'file', '/fetch_file.php?path=2026%2F02%2F04%2FTMP_1770184024_6982dd5823b6b%2Fapplicant_1%2Ffile_1770184024_6982dd58264ad.jpeg', '2026-02-04 05:50:17'),
(1211, 88, 91, 5, 'file', '/fetch_file.php?path=2026%2F02%2F04%2FTMP_1770184024_6982dd5823b6b%2Fapplicant_1%2Ffile_1770184035_6982dd630e726.jpeg', '2026-02-04 05:50:17'),
(1212, 88, 91, 6, 'text', 'India', '2026-02-04 05:50:17'),
(1213, 88, 91, 7, 'date', '04-02-2020', '2026-02-04 05:50:17'),
(1214, 88, 91, 8, 'date', '04-02-2030', '2026-02-04 05:50:17'),
(1215, 88, 91, 9, 'text', 'Memphis', '2026-02-04 05:50:17'),
(1216, 88, 91, 10, 'date', '04-02-2000', '2026-02-04 05:50:17'),
(1217, 88, 91, 11, 'select', 'male', '2026-02-04 05:50:17'),
(1218, 88, 91, 12, 'text', 'HT12345', '2026-02-04 05:50:17'),
(1219, 88, 91, 13, 'date', '18-03-2026', '2026-02-04 05:50:17'),
(1220, 88, 91, 14, 'text', 'International', '2026-02-04 05:50:17'),
(1221, 88, 91, 15, 'text', 'Bangkok', '2026-02-04 05:50:17'),
(1222, 89, 92, 1, 'text', 'Milan', '2026-02-04 06:39:13'),
(1223, 89, 92, 2, 'text', 'pandacva', '2026-02-04 06:39:13'),
(1224, 89, 92, 3, 'text', 'ASD345678', '2026-02-04 06:39:13'),
(1225, 89, 92, 4, 'file', '/fetch_file.php?path=2026%2F02%2F04%2FTMP_1770187026_6982e912d51bf%2Fapplicant_1%2Ffile_1770187026_6982e912d53d8.png', '2026-02-04 06:39:13'),
(1226, 89, 92, 5, 'file', '/fetch_file.php?path=2026%2F02%2F04%2FTMP_1770187026_6982e912d51bf%2Fapplicant_1%2Ffile_1770187031_6982e917d8d96.png', '2026-02-04 06:39:13'),
(1227, 89, 92, 6, 'text', 'india', '2026-02-04 06:39:13'),
(1228, 89, 92, 7, 'date', '14-02-2017', '2026-02-04 06:39:13'),
(1229, 89, 92, 8, 'date', '12-05-2030', '2026-02-04 06:39:13'),
(1230, 89, 92, 9, 'text', 'vadodara', '2026-02-04 06:39:13'),
(1231, 89, 92, 10, 'date', '11-10-2004', '2026-02-04 06:39:13'),
(1232, 89, 92, 11, 'select', 'male', '2026-02-04 06:39:13'),
(1233, 89, 92, 12, 'text', 'ASD34567', '2026-02-04 06:39:13'),
(1234, 89, 92, 13, 'date', '05-02-2026', '2026-02-04 06:39:13'),
(1235, 89, 92, 14, 'text', 'Taj', '2026-02-04 06:39:13'),
(1236, 89, 92, 15, 'text', 'bangocok', '2026-02-04 06:39:13'),
(1237, 90, 93, 1, 'text', 'Palak', '2026-02-04 08:20:57'),
(1238, 90, 93, 2, 'text', 'd', '2026-02-04 08:20:57'),
(1239, 90, 93, 3, 'text', '1234567890', '2026-02-04 08:20:57'),
(1240, 90, 93, 4, 'file', '/fetch_file.php?path=2026%2F02%2F04%2FTMP_1770193205_6983013549fb6%2Fapplicant_1%2Ffile_1770193205_698301354a097.jpg', '2026-02-04 08:20:57'),
(1241, 90, 93, 5, 'file', '/fetch_file.php?path=2026%2F02%2F04%2FTMP_1770193205_6983013549fb6%2Fapplicant_1%2Ffile_1770193210_6983013ae8fac.jpg', '2026-02-04 08:20:57'),
(1242, 90, 93, 6, 'text', 'kjfsd', '2026-02-04 08:20:57'),
(1243, 90, 93, 7, 'text', '12-12-2025', '2026-02-04 08:20:57'),
(1244, 90, 93, 8, 'text', '12-12-2027', '2026-02-04 08:20:57'),
(1245, 90, 93, 9, 'text', 'dkjf', '2026-02-04 08:20:57'),
(1246, 90, 93, 10, 'text', '12-12-2005', '2026-02-04 08:20:57'),
(1247, 90, 93, 11, 'text', 'female', '2026-02-04 08:20:57'),
(1248, 90, 93, 12, 'text', 'LO319', '2026-02-04 08:20:57'),
(1249, 90, 93, 13, 'text', '12-12-2026', '2026-02-04 08:20:57'),
(1250, 90, 93, 14, 'text', 'dk', '2026-02-04 08:20:57'),
(1251, 90, 93, 15, 'text', 'a;lsdkfj', '2026-02-04 08:20:57'),
(1252, 91, 94, 1, 'text', 'Applicant', '2026-02-04 10:17:06'),
(1253, 91, 94, 2, 'text', 'One', '2026-02-04 10:17:06'),
(1254, 91, 94, 3, 'text', 'PASSDEMO123456789', '2026-02-04 10:17:06'),
(1255, 91, 94, 4, 'file', '/fetch_file.php?path=2026%2F02%2F04%2FTMP_1770200161_69831c619871f%2Fapplicant_1%2Ffile_1770200161_69831c6198808.jpg', '2026-02-04 10:17:06'),
(1256, 91, 94, 5, 'file', '/fetch_file.php?path=2026%2F02%2F04%2FTMP_1770200161_69831c619871f%2Fapplicant_1%2Ffile_1770200166_69831c66aa568.jpg', '2026-02-04 10:17:06'),
(1257, 91, 94, 6, 'text', 'India', '2026-02-04 10:17:06'),
(1258, 91, 94, 7, 'text', '12-12-2025', '2026-02-04 10:17:06'),
(1259, 91, 94, 8, 'text', '12-12-2026', '2026-02-04 10:17:06'),
(1260, 91, 94, 9, 'text', 'Birth', '2026-02-04 10:17:06'),
(1261, 91, 94, 10, 'text', '12-12-2006', '2026-02-04 10:17:06'),
(1262, 91, 94, 11, 'text', 'female', '2026-02-04 10:17:06'),
(1263, 91, 94, 12, 'text', 'LO319', '2026-02-04 10:17:06'),
(1264, 91, 94, 13, 'text', '12-12-2026', '2026-02-04 10:17:06'),
(1265, 91, 94, 14, 'text', 'Hotel', '2026-02-04 10:17:06'),
(1266, 91, 94, 15, 'text', 'City', '2026-02-04 10:17:06'),
(1267, 92, 95, 1, 'text', 'First', '2026-02-05 07:03:38'),
(1268, 92, 95, 2, 'text', 'Last', '2026-02-05 07:03:38'),
(1269, 92, 95, 3, 'text', 'PASS123456789', '2026-02-05 07:03:38'),
(1270, 92, 95, 4, 'file', '/fetch_file.php?path=2026%2F02%2F05%2FTMP_1770274907_6984405b3cfc2%2Fapplicant_1%2Ffile_1770274907_6984405b3d1d3.jpg', '2026-02-05 07:03:38'),
(1271, 92, 95, 5, 'file', '/fetch_file.php?path=2026%2F02%2F05%2FTMP_1770274907_6984405b3cfc2%2Fapplicant_1%2Ffile_1770274912_6984406049bbd.jpg', '2026-02-05 07:03:38'),
(1272, 92, 95, 6, 'text', 'Country', '2026-02-05 07:03:38'),
(1273, 92, 95, 7, 'date', '12-12-2025', '2026-02-05 07:03:38'),
(1274, 92, 95, 8, 'date', '12-12-2027', '2026-02-05 07:03:38'),
(1275, 92, 95, 9, 'text', 'birth', '2026-02-05 07:03:38'),
(1276, 92, 95, 10, 'date', '12-12-2006', '2026-02-05 07:03:38'),
(1277, 92, 95, 11, 'select', 'female', '2026-02-05 07:03:38'),
(1278, 92, 95, 12, 'text', 'LO319', '2026-02-05 07:03:38'),
(1279, 92, 95, 13, 'date', '12-12-2026', '2026-02-05 07:03:38'),
(1280, 92, 95, 14, 'text', 'Hotel', '2026-02-05 07:03:38'),
(1281, 92, 95, 15, 'text', 'city', '2026-02-05 07:03:38'),
(1282, 93, 96, 1, 'text', 'dfghj', '2026-02-05 11:19:05'),
(1283, 93, 96, 2, 'text', 'dfghj', '2026-02-05 11:19:05'),
(1284, 93, 96, 3, 'text', 'DFG5678', '2026-02-05 11:19:05'),
(1285, 93, 96, 4, 'file', '/fetch_file.php?path=2026%2F02%2F05%2FTMP_1770289904_69847af04b4d9%2Fapplicant_1%2Ffile_1770289904_69847af04b599.png', '2026-02-05 11:19:05'),
(1286, 93, 96, 5, 'file', '/fetch_file.php?path=2026%2F02%2F05%2FTMP_1770289904_69847af04b4d9%2Fapplicant_1%2Ffile_1770289909_69847af5dcf57.png', '2026-02-05 11:19:05'),
(1287, 93, 96, 6, 'text', 'DFGHJ', '2026-02-05 11:19:05'),
(1288, 93, 96, 7, 'date', '12-05-2015', '2026-02-05 11:19:05'),
(1289, 93, 96, 8, 'date', '12-05-2030', '2026-02-05 11:19:05'),
(1290, 93, 96, 9, 'text', 'DFGHJ', '2026-02-05 11:19:05'),
(1291, 93, 96, 10, 'date', '11-10-2004', '2026-02-05 11:19:05'),
(1292, 93, 96, 11, 'select', 'male', '2026-02-05 11:19:05'),
(1293, 93, 96, 12, 'text', 'DFGY45678', '2026-02-05 11:19:05'),
(1294, 93, 96, 13, 'date', '12-05-2026', '2026-02-05 11:19:05'),
(1295, 93, 96, 14, 'text', 'SDFGH', '2026-02-05 11:19:05'),
(1296, 93, 96, 15, 'text', 'SDFGHJ', '2026-02-05 11:19:05'),
(1297, 94, 97, 1, 'text', 'First', '2026-02-06 07:12:48'),
(1298, 94, 97, 2, 'text', 'Name', '2026-02-06 07:12:48'),
(1299, 94, 97, 3, 'text', 'PASS123456789', '2026-02-06 07:12:48'),
(1300, 94, 97, 4, 'file', '/fetch_file.php?path=2026%2F02%2F05%2FTMP_1770288115_698473f3e5871%2Fapplicant_1%2Ffile_1770288115_698473f3e5967.png', '2026-02-06 07:12:48'),
(1301, 94, 97, 5, 'file', '/fetch_file.php?path=2026%2F02%2F05%2FTMP_1770288115_698473f3e5871%2Fapplicant_1%2Ffile_1770288124_698473fc3e14c.jpg', '2026-02-06 07:12:48'),
(1302, 94, 97, 6, 'text', 'India', '2026-02-06 07:12:48'),
(1303, 94, 97, 7, 'date', '12-12-2025', '2026-02-06 07:12:48'),
(1304, 94, 97, 8, 'date', '12-12-2026', '2026-02-06 07:12:48'),
(1305, 94, 97, 9, 'text', 'India', '2026-02-06 07:12:48'),
(1306, 94, 97, 10, 'date', '12-12-2006', '2026-02-06 07:12:48'),
(1307, 94, 97, 11, 'select', 'female', '2026-02-06 07:12:48'),
(1308, 94, 97, 12, 'text', 'LO319', '2026-02-06 07:12:48'),
(1309, 94, 97, 13, 'date', '12-12-2026', '2026-02-06 07:12:48'),
(1310, 94, 97, 14, 'text', 'hotel', '2026-02-06 07:12:48'),
(1311, 94, 97, 15, 'text', 'city', '2026-02-06 07:12:48'),
(1312, 95, 98, 1, 'text', 'First', '2026-02-06 07:13:44'),
(1313, 95, 98, 2, 'text', 'Name', '2026-02-06 07:13:44'),
(1314, 95, 98, 3, 'text', 'PASS123456789', '2026-02-06 07:13:44'),
(1315, 95, 98, 4, 'file', '/fetch_file.php?path=2026%2F02%2F05%2FTMP_1770288115_698473f3e5871%2Fapplicant_1%2Ffile_1770288115_698473f3e5967.png', '2026-02-06 07:13:44'),
(1316, 95, 98, 5, 'file', '/fetch_file.php?path=2026%2F02%2F05%2FTMP_1770288115_698473f3e5871%2Fapplicant_1%2Ffile_1770288124_698473fc3e14c.jpg', '2026-02-06 07:13:44'),
(1317, 95, 98, 6, 'text', 'India', '2026-02-06 07:13:44'),
(1318, 95, 98, 7, 'date', '12-12-2025', '2026-02-06 07:13:44'),
(1319, 95, 98, 8, 'date', '12-12-2026', '2026-02-06 07:13:44'),
(1320, 95, 98, 9, 'text', 'India', '2026-02-06 07:13:44'),
(1321, 95, 98, 10, 'date', '12-12-2006', '2026-02-06 07:13:44'),
(1322, 95, 98, 11, 'select', 'female', '2026-02-06 07:13:44'),
(1323, 95, 98, 12, 'text', 'LO319', '2026-02-06 07:13:44'),
(1324, 95, 98, 13, 'date', '12-12-2026', '2026-02-06 07:13:44'),
(1325, 95, 98, 14, 'text', 'hotel', '2026-02-06 07:13:44'),
(1326, 95, 98, 15, 'text', 'city', '2026-02-06 07:13:44'),
(1327, 96, 99, 1, 'text', 'sdfghj', '2026-02-09 06:53:32'),
(1328, 96, 99, 2, 'text', 'sdfghjk', '2026-02-09 06:53:32'),
(1329, 96, 99, 3, 'text', 'SDF12345', '2026-02-09 06:53:32'),
(1330, 96, 99, 4, 'file', '/fetch_file.php?path=2026%2F02%2F09%2FTMP_1770619899_698983fbb9908%2Fapplicant_1%2Ffile_1770619899_698983fbb9b65.png', '2026-02-09 06:53:32'),
(1331, 96, 99, 5, 'file', '/fetch_file.php?path=2026%2F02%2F09%2FTMP_1770619899_698983fbb9908%2Fapplicant_1%2Ffile_1770619902_698983fee6de7.png', '2026-02-09 06:53:32'),
(1332, 96, 99, 6, 'text', 'SDFGHJ', '2026-02-09 06:53:32'),
(1333, 96, 99, 7, 'date', '12-02-2015', '2026-02-09 06:53:32'),
(1334, 96, 99, 8, 'date', '12-05-2030', '2026-02-09 06:53:32'),
(1335, 96, 99, 9, 'text', 'DFGHJK', '2026-02-09 06:53:32'),
(1336, 96, 99, 10, 'date', '11-10-2004', '2026-02-09 06:53:32'),
(1337, 96, 99, 11, 'select', 'male', '2026-02-09 06:53:32'),
(1338, 96, 99, 12, 'text', 'ASD3456', '2026-02-09 06:53:32'),
(1339, 96, 99, 13, 'date', '10-02-2026', '2026-02-09 06:53:32'),
(1340, 96, 99, 14, 'text', 'ASDFGH', '2026-02-09 06:53:32'),
(1341, 96, 99, 15, 'text', 'SDFGHJ', '2026-02-09 06:53:32'),
(1342, 97, 100, 1, 'text', 'First', '2026-02-13 11:11:11'),
(1343, 97, 100, 2, 'text', 'Name', '2026-02-13 11:11:11'),
(1344, 97, 100, 3, 'text', 'PASS12345', '2026-02-13 11:11:11'),
(1345, 97, 100, 4, 'file', '/fetch_file.php?path=2026%2F02%2F13%2FTMP_1770981013_698f069504e46%2Fapplicant_1%2Ffile_1770981013_698f069504f3e.png', '2026-02-13 11:11:11'),
(1346, 97, 100, 5, 'file', '/fetch_file.php?path=2026%2F02%2F13%2FTMP_1770981013_698f069504e46%2Fapplicant_1%2Ffile_1770981020_698f069cbd429.jpg', '2026-02-13 11:11:11'),
(1347, 97, 100, 6, 'text', 'India', '2026-02-13 11:11:11'),
(1348, 97, 100, 7, 'text', '12-12-2025', '2026-02-13 11:11:11'),
(1349, 97, 100, 8, 'text', '12-12-2027', '2026-02-13 11:11:11'),
(1350, 97, 100, 9, 'text', 'Birth', '2026-02-13 11:11:11'),
(1351, 97, 100, 10, 'text', '12-12-2006', '2026-02-13 11:11:11'),
(1352, 97, 100, 11, 'text', 'female', '2026-02-13 11:11:11'),
(1353, 97, 100, 12, 'text', 'LO319', '2026-02-13 11:11:11'),
(1354, 97, 100, 13, 'text', '12-12-2026', '2026-02-13 11:11:11'),
(1355, 97, 100, 14, 'text', 'Hotel', '2026-02-13 11:11:11'),
(1356, 97, 100, 15, 'text', 'City', '2026-02-13 11:11:11'),
(1357, 98, 101, 1, 'text', 'FIrat', '2026-02-17 11:54:25'),
(1358, 98, 101, 2, 'text', 'dfklja', '2026-02-17 11:54:25'),
(1359, 98, 101, 3, 'text', 'PAS123456789', '2026-02-17 11:54:25'),
(1360, 98, 101, 4, 'file', '/fetch_file.php?path=2026%2F02%2F17%2FTMP_1771329213_699456bd8fccc%2Fapplicant_1%2Forder__applicant_.', '2026-02-17 11:54:25'),
(1361, 98, 101, 5, 'file', '/fetch_file.php?path=2026%2F02%2F17%2FTMP_1771329213_699456bd8fccc%2Fapplicant_1%2Forder__applicant_.', '2026-02-17 11:54:25'),
(1362, 98, 101, 6, 'text', 'India', '2026-02-17 11:54:25'),
(1363, 98, 101, 7, 'text', '12-12-2005', '2026-02-17 11:54:25'),
(1364, 98, 101, 8, 'text', '12-12-2027', '2026-02-17 11:54:25'),
(1365, 98, 101, 9, 'text', 'sldkj', '2026-02-17 11:54:25'),
(1366, 98, 101, 10, 'text', '12-12-2007', '2026-02-17 11:54:25'),
(1367, 98, 101, 11, 'text', 'female', '2026-02-17 11:54:25'),
(1368, 98, 101, 12, 'text', 'LO319', '2026-02-17 11:54:25'),
(1369, 98, 101, 13, 'text', '12-12-2026', '2026-02-17 11:54:25'),
(1370, 98, 101, 14, 'text', 'HOtle', '2026-02-17 11:54:25'),
(1371, 98, 101, 15, 'text', 'a;lskdf', '2026-02-17 11:54:25'),
(1372, 99, 102, 1, 'text', 'lkfdja', '2026-02-17 12:01:48'),
(1373, 99, 102, 2, 'text', 'asdkfj', '2026-02-17 12:01:48'),
(1374, 99, 102, 3, 'text', 'PASS1234567890', '2026-02-17 12:01:48'),
(1375, 99, 102, 4, 'file', '/fetch_file.php?path=2026%2F02%2F17%2Forder_%2Fapplicant_1%2Forder__applicant_.', '2026-02-17 12:01:48'),
(1376, 99, 102, 5, 'file', '/fetch_file.php?path=2026%2F02%2F17%2Forder_%2Fapplicant_1%2Forder__applicant_.', '2026-02-17 12:01:48'),
(1377, 99, 102, 6, 'text', 'adlsfjk', '2026-02-17 12:01:48'),
(1378, 99, 102, 7, 'text', '12-12-2025', '2026-02-17 12:01:48'),
(1379, 99, 102, 8, 'text', '12-12-2027', '2026-02-17 12:01:48'),
(1380, 99, 102, 9, 'text', 'aldskfj', '2026-02-17 12:01:48'),
(1381, 99, 102, 10, 'text', '12-12-2007', '2026-02-17 12:01:48'),
(1382, 99, 102, 11, 'text', 'female', '2026-02-17 12:01:48'),
(1383, 99, 102, 12, 'text', 'LO319', '2026-02-17 12:01:48'),
(1384, 99, 102, 13, 'text', '12-12-2027', '2026-02-17 12:01:48'),
(1385, 99, 102, 14, 'text', 'hol', '2026-02-17 12:01:48'),
(1386, 99, 102, 15, 'text', 'a;sldfj', '2026-02-17 12:01:48'),
(1387, 100, 103, 1, 'text', 'DFGHJK', '2026-02-19 11:04:24'),
(1388, 100, 103, 2, 'text', 'sdfghjk', '2026-02-19 11:04:24'),
(1389, 100, 103, 3, 'text', 'ASD34567', '2026-02-19 11:04:24'),
(1390, 100, 103, 4, 'file', '/fetch_file.php?path=2026%2F02%2F19%2FTMP_1771498937_6996edb95152c%2Fapplicant_1%2Ffile_1771498937_6996edb9517bb.png', '2026-02-19 11:04:24'),
(1391, 100, 103, 5, 'file', '/fetch_file.php?path=2026%2F02%2F19%2FTMP_1771498937_6996edb95152c%2Fapplicant_1%2Ffile_1771498940_6996edbcf18ec.png', '2026-02-19 11:04:24'),
(1392, 100, 103, 6, 'text', 'ZXSDVGBH', '2026-02-19 11:04:24'),
(1393, 100, 103, 7, 'date', '12-05-2019', '2026-02-19 11:04:24'),
(1394, 100, 103, 8, 'date', '12-05-2030', '2026-02-19 11:04:24'),
(1395, 100, 103, 9, 'text', 'SDFGHJ', '2026-02-19 11:04:24'),
(1396, 100, 103, 10, 'date', '11-10-2004', '2026-02-19 11:04:24'),
(1397, 100, 103, 11, 'select', 'male', '2026-02-19 11:04:24'),
(1398, 100, 103, 12, 'text', 'ASD34567', '2026-02-19 11:04:24'),
(1399, 100, 103, 13, 'date', '20-02-2026', '2026-02-19 11:04:24'),
(1400, 100, 103, 14, 'text', 'ASDFGHJK', '2026-02-19 11:04:24'),
(1401, 100, 103, 15, 'text', 'ASDFGHU', '2026-02-19 11:04:24'),
(1402, 101, 104, 1, 'text', 'SDFGHJKL4', '2026-02-23 06:04:36'),
(1403, 101, 104, 2, 'text', 'ZXSDFGHJK', '2026-02-23 06:04:36'),
(1404, 101, 104, 3, 'text', 'SDFGHJK', '2026-02-23 06:04:36'),
(1405, 101, 104, 4, 'file', '/fetch_file.php?path=2026%2F02%2F23%2FTMP_1771826535_699bed674a8c1%2Fapplicant_1%2Ffile_1771826535_699bed674aad2.png', '2026-02-23 06:04:36'),
(1406, 101, 104, 5, 'file', '/fetch_file.php?path=2026%2F02%2F23%2FTMP_1771826535_699bed674a8c1%2Fapplicant_1%2Ffile_1771826541_699bed6dac864.png', '2026-02-23 06:04:36'),
(1407, 101, 104, 6, 'text', 'ASDFHJK', '2026-02-23 06:04:36'),
(1408, 101, 104, 7, 'date', '12-05-2019', '2026-02-23 06:04:36'),
(1409, 101, 104, 8, 'date', '12-05-2030', '2026-02-23 06:04:36'),
(1410, 101, 104, 9, 'text', 'DFGHJK', '2026-02-23 06:04:36'),
(1411, 101, 104, 10, 'date', '11-10-2004', '2026-02-23 06:04:36'),
(1412, 101, 104, 11, 'select', 'male', '2026-02-23 06:04:36'),
(1413, 101, 104, 12, 'text', 'SDFG567890', '2026-02-23 06:04:36'),
(1414, 101, 104, 13, 'date', '27-02-2026', '2026-02-23 06:04:36'),
(1415, 101, 104, 14, 'text', 'ASDFGHJK', '2026-02-23 06:04:36'),
(1416, 101, 104, 15, 'text', 'ASDFGHJKL', '2026-02-23 06:04:36'),
(1417, 102, 105, 1, 'text', 'sdfghj', '2026-02-23 11:08:20'),
(1418, 102, 105, 2, 'text', 'dfghj', '2026-02-23 11:08:20'),
(1419, 102, 105, 3, 'text', 'ASDFG45678', '2026-02-23 11:08:20'),
(1420, 102, 105, 4, 'file', '/fetch_file.php?path=Orders%2FOrder_102%2Fapplicant_1%2Fsdfghj_dfghj_passport_front.png', '2026-02-23 11:08:20'),
(1421, 102, 105, 5, 'file', '/fetch_file.php?path=Orders%2FOrder_102%2Fapplicant_1%2Fsdfghj_dfghj_passport_back.png', '2026-02-23 11:08:20'),
(1422, 102, 105, 6, 'text', 'EDRFYUIO', '2026-02-23 11:08:20'),
(1423, 102, 105, 7, 'date', '12-05-2017', '2026-02-23 11:08:20'),
(1424, 102, 105, 8, 'date', '20-05-2030', '2026-02-23 11:08:20'),
(1425, 102, 105, 9, 'text', 'SDFGHJ', '2026-02-23 11:08:20'),
(1426, 102, 105, 10, 'date', '11-10-2004', '2026-02-23 11:08:20'),
(1427, 102, 105, 11, 'select', 'male', '2026-02-23 11:08:20'),
(1428, 102, 105, 12, 'text', 'SDFG6789', '2026-02-23 11:08:20'),
(1429, 102, 105, 13, 'date', '25-02-2026', '2026-02-23 11:08:20'),
(1430, 102, 105, 14, 'text', 'SDFGHJ', '2026-02-23 11:08:20'),
(1431, 102, 105, 15, 'text', 'SDGYU', '2026-02-23 11:08:20'),
(1432, 103, 106, 1, 'text', 'dfghjk', '2026-02-23 11:21:11'),
(1433, 103, 106, 2, 'text', 'fghjk', '2026-02-23 11:21:11'),
(1434, 103, 106, 3, 'text', 'SAD3W4567', '2026-02-23 11:21:11'),
(1435, 103, 106, 4, 'file', '/fetch_file.php?path=Orders%2FOrder_103%2Fapplicant_1%2Fdfghjk_fghjk_passport_front.png', '2026-02-23 11:21:11'),
(1436, 103, 106, 5, 'file', '/fetch_file.php?path=Orders%2FOrder_103%2Fapplicant_1%2Fdfghjk_fghjk_passport_back.png', '2026-02-23 11:21:11'),
(1437, 103, 106, 6, 'text', 'SDFGHJ', '2026-02-23 11:21:11'),
(1438, 103, 106, 7, 'date', '12-05-2017', '2026-02-23 11:21:11'),
(1439, 103, 106, 8, 'date', '12-05-2030', '2026-02-23 11:21:11'),
(1440, 103, 106, 9, 'text', 'DFGHJ', '2026-02-23 11:21:11'),
(1441, 103, 106, 10, 'date', '11-10-2004', '2026-02-23 11:21:11'),
(1442, 103, 106, 11, 'select', 'male', '2026-02-23 11:21:11'),
(1443, 103, 106, 12, 'text', 'ASDE4R5T68', '2026-02-23 11:21:11'),
(1444, 103, 106, 13, 'date', '26-02-2026', '2026-02-23 11:21:11'),
(1445, 103, 106, 14, 'text', 'SDFGHJK', '2026-02-23 11:21:11'),
(1446, 103, 106, 15, 'text', 'ASDFGHJ', '2026-02-23 11:21:11'),
(1447, 104, 107, 1, 'text', 'asdfgh', '2026-02-23 15:42:27'),
(1448, 104, 107, 2, 'text', 'asdgfh', '2026-02-23 15:42:27'),
(1449, 104, 107, 3, 'text', 'AS12345', '2026-02-23 15:42:27'),
(1450, 104, 107, 4, 'file', '/fetch_file.php?path=Orders%2FOrder_104%2Fapplicant_1%2Fasdfgh_asdgfh_passport_front.jpeg', '2026-02-23 15:42:27'),
(1451, 104, 107, 5, 'file', '/fetch_file.php?path=Orders%2FOrder_104%2Fapplicant_1%2Fasdfgh_asdgfh_passport_back.jpeg', '2026-02-23 15:42:27'),
(1452, 104, 107, 6, 'text', 'India', '2026-02-23 15:42:27'),
(1453, 104, 107, 7, 'date', '12-03-2020', '2026-02-23 15:42:27'),
(1454, 104, 107, 8, 'date', '12-03-2030', '2026-02-23 15:42:27'),
(1455, 104, 107, 9, 'text', 'fghjk', '2026-02-23 15:42:27'),
(1456, 104, 107, 10, 'date', '12-03-2004', '2026-02-23 15:42:27'),
(1457, 104, 107, 11, 'select', 'male', '2026-02-23 15:42:27'),
(1458, 104, 107, 12, 'text', 'GHJ123456', '2026-02-23 15:42:27'),
(1459, 104, 107, 13, 'date', '27-02-2026', '2026-02-23 15:42:27'),
(1460, 104, 107, 14, 'text', 'GHJK', '2026-02-23 15:42:27'),
(1461, 104, 107, 15, 'text', 'GHJKL:', '2026-02-23 15:42:27'),
(1462, 105, 108, 1, 'text', 'sdfghjk', '2026-02-24 07:01:55'),
(1463, 105, 108, 2, 'text', 'swedrtyuio', '2026-02-24 07:01:55'),
(1464, 105, 108, 3, 'text', 'ASD345678', '2026-02-24 07:01:55'),
(1465, 105, 108, 4, 'file', '/fetch_file.php?path=2026%2FOrder_105%2Fapplicant_1%2Fsdfghjk_swedrtyuio_passportfront.png', '2026-02-24 07:01:55'),
(1466, 105, 108, 5, 'file', '/fetch_file.php?path=2026%2FOrder_105%2Fapplicant_1%2Fsdfghjk_swedrtyuio_passportback.png', '2026-02-24 07:01:55'),
(1467, 105, 108, 6, 'text', 'SDGYUI\\', '2026-02-24 07:01:55'),
(1468, 105, 108, 7, 'date', '12-05-2017', '2026-02-24 07:01:55'),
(1469, 105, 108, 8, 'date', '12-05-2030', '2026-02-24 07:01:55'),
(1470, 105, 108, 9, 'text', 'SDFGHJ', '2026-02-24 07:01:55'),
(1471, 105, 108, 10, 'date', '11-10-2004', '2026-02-24 07:01:55'),
(1472, 105, 108, 11, 'select', 'male', '2026-02-24 07:01:55'),
(1473, 105, 108, 12, 'text', 'SDF456789', '2026-02-24 07:01:55'),
(1474, 105, 108, 13, 'date', '26-02-2026', '2026-02-24 07:01:55'),
(1475, 105, 108, 14, 'text', 'DFGHJKL', '2026-02-24 07:01:55'),
(1476, 105, 108, 15, 'text', 'SDFGHJK', '2026-02-24 07:01:55'),
(1477, 106, 109, 1, 'text', 'SDFGHJ]', '2026-02-24 07:17:44'),
(1478, 106, 109, 2, 'text', 'SDFGHJK', '2026-02-24 07:17:44'),
(1479, 106, 109, 3, 'text', 'SXDFG45678', '2026-02-24 07:17:44'),
(1480, 106, 109, 4, 'file', '/fetch_file.php?path=2026%2FOrder_106%2Fapplicant_1%2FSDFGHJ__SDFGHJK_passportfront.png', '2026-02-24 07:17:44'),
(1481, 106, 109, 5, 'file', '/fetch_file.php?path=2026%2FOrder_106%2Fapplicant_1%2FSDFGHJ__SDFGHJK_passportback.png', '2026-02-24 07:17:44'),
(1482, 106, 109, 6, 'text', 'SDFGHJK', '2026-02-24 07:17:44'),
(1483, 106, 109, 7, 'date', '12-05-2017', '2026-02-24 07:17:44'),
(1484, 106, 109, 8, 'date', '12-05-2030', '2026-02-24 07:17:44'),
(1485, 106, 109, 9, 'text', 'FGHJK', '2026-02-24 07:17:44'),
(1486, 106, 109, 10, 'date', '11-10-2004', '2026-02-24 07:17:44'),
(1487, 106, 109, 11, 'select', 'male', '2026-02-24 07:17:44'),
(1488, 106, 109, 12, 'text', 'ASWE34R678', '2026-02-24 07:17:44'),
(1489, 106, 109, 13, 'date', '27-02-2026', '2026-02-24 07:17:44'),
(1490, 106, 109, 14, 'text', 'SDFGHJK', '2026-02-24 07:17:44'),
(1491, 106, 109, 15, 'text', 'SDFGHJK', '2026-02-24 07:17:44'),
(1492, 107, 110, 1, 'text', 'sdfghj', '2026-02-24 08:59:48'),
(1493, 107, 110, 2, 'text', 'sdgh', '2026-02-24 08:59:48'),
(1494, 107, 110, 3, 'text', 'ASDF435678', '2026-02-24 08:59:48'),
(1495, 107, 110, 4, 'file', '/fetch_file.php?path=2026%2F02%2F24%2FOrder_107%2Fapplicant_1%2Fsdfghj_sdgh_passportfront.png', '2026-02-24 08:59:48'),
(1496, 107, 110, 5, 'file', '/fetch_file.php?path=2026%2F02%2F24%2FOrder_107%2Fapplicant_1%2Fsdfghj_sdgh_passportback.png', '2026-02-24 08:59:48'),
(1497, 107, 110, 6, 'text', 'SDF', '2026-02-24 08:59:48'),
(1498, 107, 110, 7, 'date', '12-05-2017', '2026-02-24 08:59:48'),
(1499, 107, 110, 8, 'date', '12-05-2030', '2026-02-24 08:59:48'),
(1500, 107, 110, 9, 'text', 'sdfghjkl', '2026-02-24 08:59:48'),
(1501, 107, 110, 10, 'date', '11-10-2004', '2026-02-24 08:59:48'),
(1502, 107, 110, 11, 'select', 'male', '2026-02-24 08:59:48'),
(1503, 107, 110, 12, 'text', 'ASW234567', '2026-02-24 08:59:48'),
(1504, 107, 110, 13, 'date', '27-02-2026', '2026-02-24 08:59:48'),
(1505, 107, 110, 14, 'text', 'SDFGHJ', '2026-02-24 08:59:48'),
(1506, 107, 110, 15, 'text', 'ASWDGU', '2026-02-24 08:59:48'),
(1507, 108, 111, 1, 'text', 'dfghjk', '2026-02-24 10:09:41'),
(1508, 108, 111, 2, 'text', 'sdfghjkl', '2026-02-24 10:09:41'),
(1509, 108, 111, 3, 'text', 'ASDF456789', '2026-02-24 10:09:41'),
(1510, 108, 111, 4, 'file', '/fetch_file.php?path=2026%2F02%2F24%2FOrder_108%2Fapplicant_1%2Fdfghjk_passportfront.png', '2026-02-24 10:09:41'),
(1511, 108, 111, 5, 'file', '/fetch_file.php?path=2026%2F02%2F24%2FOrder_108%2Fapplicant_1%2Fdfghjk_passportback.png', '2026-02-24 10:09:41'),
(1512, 108, 111, 6, 'text', 'SDFGHJK', '2026-02-24 10:09:41'),
(1513, 108, 111, 7, 'date', '12-05-2017', '2026-02-24 10:09:41'),
(1514, 108, 111, 8, 'date', '12-05-2030', '2026-02-24 10:09:41'),
(1515, 108, 111, 9, 'text', 'SDFGHJK', '2026-02-24 10:09:41'),
(1516, 108, 111, 10, 'date', '11-10-2004', '2026-02-24 10:09:41'),
(1517, 108, 111, 11, 'select', 'male', '2026-02-24 10:09:41'),
(1518, 108, 111, 12, 'text', 'ASD345678', '2026-02-24 10:09:41'),
(1519, 108, 111, 13, 'date', '26-02-2026', '2026-02-24 10:09:41'),
(1520, 108, 111, 14, 'text', 'SDFGHJK', '2026-02-24 10:09:41'),
(1521, 108, 111, 15, 'text', 'SDFGHJK', '2026-02-24 10:09:41'),
(1522, 109, 112, 1, 'text', 'dfghjk', '2026-02-24 11:20:58'),
(1523, 109, 112, 2, 'text', 'dfghjkl', '2026-02-24 11:20:58'),
(1524, 109, 112, 3, 'text', 'SDF6789', '2026-02-24 11:20:58'),
(1525, 109, 112, 4, 'file', '/fetch_file.php?path=2026%2F02%2F24%2FOrder_109%2Fapplicant_1%2Fdfghjk_passportfront.png', '2026-02-24 11:20:58'),
(1526, 109, 112, 5, 'file', '/fetch_file.php?path=2026%2F02%2F24%2FOrder_109%2Fapplicant_1%2Fdfghjk_passportback.png', '2026-02-24 11:20:58'),
(1527, 109, 112, 6, 'text', 'ASDTGYUJK', '2026-02-24 11:20:58'),
(1528, 109, 112, 7, 'date', '12-05-2017', '2026-02-24 11:20:58'),
(1529, 109, 112, 8, 'date', '12-05-2032', '2026-02-24 11:20:58'),
(1530, 109, 112, 9, 'text', 'FRGHJKL', '2026-02-24 11:20:58'),
(1531, 109, 112, 10, 'date', '11-10-2004', '2026-02-24 11:20:58'),
(1532, 109, 112, 11, 'select', 'male', '2026-02-24 11:20:58'),
(1533, 109, 112, 12, 'text', 'SDFG5678', '2026-02-24 11:20:58'),
(1534, 109, 112, 13, 'date', '26-02-2026', '2026-02-24 11:20:58'),
(1535, 109, 112, 14, 'text', 'DFGHJK', '2026-02-24 11:20:58');
INSERT INTO `applicant_answers` (`id`, `order_id`, `applicant_id`, `question_id`, `answer_type`, `answer_text`, `created_at`) VALUES
(1536, 109, 112, 15, 'text', 'DCFVGHJ', '2026-02-24 11:20:58'),
(1537, 110, 113, 1, 'text', 'Milan', '2026-02-25 07:34:31'),
(1538, 110, 113, 2, 'text', 'patel', '2026-02-25 07:34:31'),
(1539, 110, 113, 3, 'text', 'ASD345678', '2026-02-25 07:34:31'),
(1540, 110, 113, 4, 'file', '/fetch_file.php?path=2026%2F02%2F25%2FOrder_110%2Fapplicant_1%2FMilan_passportfront.png', '2026-02-25 07:34:31'),
(1541, 110, 113, 5, 'file', '/fetch_file.php?path=2026%2F02%2F25%2FOrder_110%2Fapplicant_1%2FMilan_passportback.png', '2026-02-25 07:34:31'),
(1542, 110, 113, 6, 'text', 'SXDFGHJK', '2026-02-25 07:34:31'),
(1543, 110, 113, 7, 'date', '12-05-2017', '2026-02-25 07:34:31'),
(1544, 110, 113, 8, 'date', '12-05-2030', '2026-02-25 07:34:31'),
(1545, 110, 113, 9, 'text', 'SDFGHJK', '2026-02-25 07:34:31'),
(1546, 110, 113, 10, 'date', '11-10-2004', '2026-02-25 07:34:31'),
(1547, 110, 113, 11, 'select', 'male', '2026-02-25 07:34:31'),
(1548, 110, 113, 12, 'text', 'SDF5678', '2026-02-25 07:34:31'),
(1549, 110, 113, 13, 'date', '27-02-2026', '2026-02-25 07:34:31'),
(1550, 110, 113, 14, 'text', 'SDFGHJKL', '2026-02-25 07:34:31'),
(1551, 110, 113, 15, 'text', 'ASDFGHJK', '2026-02-25 07:34:31'),
(1552, 111, 114, 1, 'text', 'Milan', '2026-02-25 07:54:19'),
(1553, 111, 114, 2, 'text', 'patel', '2026-02-25 07:54:19'),
(1554, 111, 114, 3, 'text', 'ASD345678', '2026-02-25 07:54:19'),
(1555, 111, 114, 4, 'file', '/fetch_file.php?path=2026%2F02%2F25%2FOrder_111%2Fapplicant_1%2FMilan_passportfront.png', '2026-02-25 07:54:19'),
(1556, 111, 114, 5, 'file', '/fetch_file.php?path=2026%2F02%2F25%2FOrder_111%2Fapplicant_1%2FMilan_passportback.png', '2026-02-25 07:54:19'),
(1557, 111, 114, 6, 'text', 'SDFGHJK', '2026-02-25 07:54:19'),
(1558, 111, 114, 7, 'date', '12-05-2017', '2026-02-25 07:54:19'),
(1559, 111, 114, 8, 'date', '12-05-2030', '2026-02-25 07:54:19'),
(1560, 111, 114, 9, 'text', 'SDFGHJK', '2026-02-25 07:54:19'),
(1561, 111, 114, 10, 'date', '11-10-2004', '2026-02-25 07:54:19'),
(1562, 111, 114, 11, 'select', 'male', '2026-02-25 07:54:19'),
(1563, 111, 114, 12, 'text', 'ASD45678', '2026-02-25 07:54:19'),
(1564, 111, 114, 13, 'date', '28-02-2026', '2026-02-25 07:54:19'),
(1565, 111, 114, 14, 'text', 'SDFGHJKL', '2026-02-25 07:54:19'),
(1566, 111, 114, 15, 'text', 'DFGHJKL', '2026-02-25 07:54:19'),
(1567, 112, 115, 1, 'text', 'dfghjk&#039;', '2026-02-25 08:04:35'),
(1568, 112, 115, 2, 'text', 'dfghj', '2026-02-25 08:04:35'),
(1569, 112, 115, 3, 'text', 'SDF56789', '2026-02-25 08:04:35'),
(1570, 112, 115, 4, 'file', '/fetch_file.php?path=2026%2F02%2F25%2FOrder_112%2Fapplicant_1%2Fdfghjk__039__passportfront.png', '2026-02-25 08:04:35'),
(1571, 112, 115, 5, 'file', '/fetch_file.php?path=2026%2F02%2F25%2FOrder_112%2Fapplicant_1%2Fdfghjk__039__passportback.png', '2026-02-25 08:04:35'),
(1572, 112, 115, 6, 'text', 'dfghjk', '2026-02-25 08:04:35'),
(1573, 112, 115, 7, 'date', '2017-05-12', '2026-02-25 08:04:35'),
(1574, 112, 115, 8, 'date', '2030-04-12', '2026-02-25 08:04:35'),
(1575, 112, 115, 9, 'text', 'dfghjk', '2026-02-25 08:04:35'),
(1576, 112, 115, 10, 'date', '2004-10-11', '2026-02-25 08:04:35'),
(1577, 112, 115, 11, 'select', 'male', '2026-02-25 08:04:35'),
(1578, 112, 115, 12, 'text', 'SD456789', '2026-02-25 08:04:35'),
(1579, 112, 115, 13, 'date', '2026-02-27', '2026-02-25 08:04:35'),
(1580, 112, 115, 14, 'text', 'SDFGHJ', '2026-02-25 08:04:35'),
(1581, 112, 115, 15, 'text', 'SDFGHJ', '2026-02-25 08:04:35'),
(1582, 113, 116, 1, 'text', 'First Name', '2026-02-25 08:33:56'),
(1583, 113, 116, 2, 'text', 'Last Name', '2026-02-25 08:33:56'),
(1584, 113, 116, 3, 'text', 'PASS123456', '2026-02-25 08:33:56'),
(1585, 113, 116, 4, 'file', '/fetch_file.php?path=2026%2F02%2F25%2FOrder_113%2Fapplicant_1%2FFirst_Name_passportfront.jpg', '2026-02-25 08:33:56'),
(1586, 113, 116, 5, 'file', '/fetch_file.php?path=2026%2F02%2F25%2FOrder_113%2Fapplicant_1%2FFirst_Name_passportback.png', '2026-02-25 08:33:56'),
(1587, 113, 116, 6, 'text', 'India', '2026-02-25 08:33:56'),
(1588, 113, 116, 7, 'date', '2025-12-12', '2026-02-25 08:33:56'),
(1589, 113, 116, 8, 'date', '2027-12-12', '2026-02-25 08:33:56'),
(1590, 113, 116, 9, 'text', 'Bierth', '2026-02-25 08:33:56'),
(1591, 113, 116, 10, 'date', '2007-12-12', '2026-02-25 08:33:56'),
(1592, 113, 116, 11, 'select', 'female', '2026-02-25 08:33:56'),
(1593, 113, 116, 12, 'text', 'LO319', '2026-02-25 08:33:56'),
(1594, 113, 116, 13, 'date', '2026-12-12', '2026-02-25 08:33:56'),
(1595, 113, 116, 14, 'text', 'Hotel', '2026-02-25 08:33:56'),
(1596, 113, 116, 15, 'text', 'City', '2026-02-25 08:33:56'),
(1597, 114, 117, 1, 'text', 'a', '2026-02-25 08:58:45'),
(1598, 114, 117, 2, 'text', 'b', '2026-02-25 08:58:45'),
(1599, 114, 117, 3, 'text', '123456789', '2026-02-25 08:58:45'),
(1600, 114, 117, 4, 'file', '/fetch_file.php?path=2026%2F02%2F25%2FOrder_114%2Fapplicant_1%2Fa_passportfront.png', '2026-02-25 08:58:45'),
(1601, 114, 117, 5, 'file', '/fetch_file.php?path=2026%2F02%2F25%2FOrder_114%2Fapplicant_1%2Fa_passportback.jpg', '2026-02-25 08:58:45'),
(1602, 114, 117, 6, 'text', 'India', '2026-02-25 08:58:45'),
(1603, 114, 117, 7, 'date', '2025-12-12', '2026-02-25 08:58:45'),
(1604, 114, 117, 8, 'date', '2027-12-12', '2026-02-25 08:58:45'),
(1605, 114, 117, 9, 'text', 'birth', '2026-02-25 08:58:45'),
(1606, 114, 117, 10, 'date', '2006-12-12', '2026-02-25 08:58:45'),
(1607, 114, 117, 11, 'select', 'female', '2026-02-25 08:58:45'),
(1608, 114, 117, 12, 'text', 'LO319', '2026-02-25 08:58:45'),
(1609, 114, 117, 13, 'date', '2026-12-12', '2026-02-25 08:58:45'),
(1610, 114, 117, 14, 'text', 'hotle', '2026-02-25 08:58:45'),
(1611, 114, 117, 15, 'text', 'city', '2026-02-25 08:58:45'),
(1612, 115, 118, 1, 'text', 'A', '2026-02-25 09:29:44'),
(1613, 115, 118, 2, 'text', 'B', '2026-02-25 09:29:44'),
(1614, 115, 118, 3, 'text', 'PASS120398', '2026-02-25 09:29:44'),
(1615, 115, 118, 4, 'file', '/fetch_file.php?path=2026%2F02%2F25%2FOrder_115%2Fapplicant_1%2FA_passportfront.jpg', '2026-02-25 09:29:44'),
(1616, 115, 118, 5, 'file', '/fetch_file.php?path=2026%2F02%2F25%2FOrder_115%2Fapplicant_1%2FA_passportback.png', '2026-02-25 09:29:44'),
(1617, 115, 118, 6, 'text', 'India', '2026-02-25 09:29:44'),
(1618, 115, 118, 7, 'date', '2025-12-12', '2026-02-25 09:29:44'),
(1619, 115, 118, 8, 'date', '2027-12-12', '2026-02-25 09:29:44'),
(1620, 115, 118, 9, 'text', 'Inida', '2026-02-25 09:29:44'),
(1621, 115, 118, 10, 'date', '2004-12-12', '2026-02-25 09:29:44'),
(1622, 115, 118, 11, 'select', 'female', '2026-02-25 09:29:44'),
(1623, 115, 118, 12, 'text', 'LO319', '2026-02-25 09:29:44'),
(1624, 115, 118, 13, 'date', '2026-12-12', '2026-02-25 09:29:44'),
(1625, 115, 118, 14, 'text', 'hotle', '2026-02-25 09:29:44'),
(1626, 115, 118, 15, 'text', 'city', '2026-02-25 09:29:44'),
(1627, 116, 119, 1, 'text', 'Jhon', '2026-02-25 11:15:52'),
(1628, 116, 119, 2, 'text', 'James', '2026-02-25 11:15:52'),
(1629, 116, 119, 3, 'text', 'HJ12345', '2026-02-25 11:15:52'),
(1630, 116, 119, 4, 'file', '/fetch_file.php?path=2026%2F02%2F25%2FOrder_116%2Fapplicant_1%2FJhon_passportfront.jpeg', '2026-02-25 11:15:52'),
(1631, 116, 119, 5, 'file', '/fetch_file.php?path=2026%2F02%2F25%2FOrder_116%2Fapplicant_1%2FJhon_passportback.jpeg', '2026-02-25 11:15:52'),
(1632, 116, 119, 6, 'text', 'India', '2026-02-25 11:15:52'),
(1633, 116, 119, 7, 'date', '2020-03-12', '2026-02-25 11:15:52'),
(1634, 116, 119, 8, 'date', '2030-03-12', '2026-02-25 11:15:52'),
(1635, 116, 119, 9, 'text', 'Delhi', '2026-02-25 11:15:52'),
(1636, 116, 119, 10, 'date', '2004-03-12', '2026-02-25 11:15:52'),
(1637, 116, 119, 11, 'select', 'male', '2026-02-25 11:15:52'),
(1638, 116, 119, 12, 'text', 'HG1234', '2026-02-25 11:15:52'),
(1639, 116, 119, 13, 'date', '2026-02-28', '2026-02-25 11:15:52'),
(1640, 116, 119, 14, 'text', 'International', '2026-02-25 11:15:52'),
(1641, 116, 119, 15, 'text', 'Pataya', '2026-02-25 11:15:52'),
(1642, 117, 120, 1, 'text', 'Jesse', '2026-02-26 07:09:53'),
(1643, 117, 120, 2, 'text', 'James', '2026-02-26 07:09:53'),
(1644, 117, 120, 3, 'text', 'PASS123456', '2026-02-26 07:09:53'),
(1645, 117, 120, 4, 'file', '/fetch_file.php?path=2026%2F02%2F26%2FOrder_117%2Fapplicant_1%2FCortis_passportfront.jpg', '2026-02-26 07:09:53'),
(1646, 117, 120, 5, 'file', '/fetch_file.php?path=2026%2F02%2F26%2FOrder_117%2Fapplicant_1%2FCortis_passportback.png', '2026-02-26 07:09:53'),
(1647, 117, 120, 6, 'text', 'India', '2026-02-26 07:09:53'),
(1648, 117, 120, 7, 'date', '2025-12-12', '2026-02-26 07:09:53'),
(1649, 117, 120, 8, 'date', '2027-12-12', '2026-02-26 07:09:53'),
(1650, 117, 120, 9, 'text', 'Birth', '2026-02-26 07:09:53'),
(1651, 117, 120, 10, 'date', '2004-12-20', '2026-02-26 07:09:53'),
(1652, 117, 120, 11, 'select', 'male', '2026-02-26 07:09:53'),
(1653, 117, 120, 12, 'text', 'LO319', '2026-02-26 07:09:53'),
(1654, 117, 120, 13, 'date', '2026-12-12', '2026-02-26 07:09:53'),
(1655, 117, 120, 14, 'text', 'Hotel', '2026-02-26 07:09:53'),
(1656, 117, 120, 15, 'text', 'City', '2026-02-26 07:09:53'),
(1657, 118, 121, 1, 'text', 'dfghjk', '2026-02-26 07:15:47'),
(1658, 118, 121, 2, 'text', 'sdfghjk]', '2026-02-26 07:15:47'),
(1659, 118, 121, 3, 'text', 'ASDE456789', '2026-02-26 07:15:47'),
(1660, 118, 121, 4, 'file', '/fetch_file.php?path=2026%2F02%2F26%2FOrder_118%2Fapplicant_1%2Fdfghjk_passportfront.png', '2026-02-26 07:15:48'),
(1661, 118, 121, 5, 'file', '/fetch_file.php?path=2026%2F02%2F26%2FOrder_118%2Fapplicant_1%2Fdfghjk_passportback.png', '2026-02-26 07:15:48'),
(1662, 118, 121, 6, 'text', 'ASDFGHJK', '2026-02-26 07:15:48'),
(1663, 118, 121, 7, 'date', '12-05-2017', '2026-02-26 07:15:48'),
(1664, 118, 121, 8, 'date', '12-05-2030', '2026-02-26 07:15:48'),
(1665, 118, 121, 9, 'text', 'DSFGHJKL', '2026-02-26 07:15:48'),
(1666, 118, 121, 10, 'date', '11-10-2004', '2026-02-26 07:15:48'),
(1667, 118, 121, 11, 'select', 'male', '2026-02-26 07:15:48'),
(1668, 118, 121, 12, 'text', 'ASDFG56789', '2026-02-26 07:15:48'),
(1669, 118, 121, 13, 'date', '28-02-2026', '2026-02-26 07:15:48'),
(1670, 118, 121, 14, 'text', 'SDFGHJKL', '2026-02-26 07:15:48'),
(1671, 118, 121, 15, 'text', 'DFGHU\\', '2026-02-26 07:15:48'),
(1672, 119, 122, 1, 'text', 'ghjkl', '2026-02-26 07:26:29'),
(1673, 119, 122, 2, 'text', 'hjklk', '2026-02-26 07:26:29'),
(1674, 119, 122, 3, 'text', 'SD2584', '2026-02-26 07:26:29'),
(1675, 119, 122, 4, 'file', '/fetch_file.php?path=2026%2F02%2F26%2FOrder_119%2Fapplicant_1%2Fghjkl_passportfront.png', '2026-02-26 07:26:29'),
(1676, 119, 122, 5, 'file', '/fetch_file.php?path=2026%2F02%2F26%2FOrder_119%2Fapplicant_1%2Fghjkl_passportback.png', '2026-02-26 07:26:29'),
(1677, 119, 122, 6, 'text', 'dfghjk', '2026-02-26 07:26:29'),
(1678, 119, 122, 7, 'date', '12-03-2020', '2026-02-26 07:26:29'),
(1679, 119, 122, 8, 'date', '12-03-2030', '2026-02-26 07:26:29'),
(1680, 119, 122, 9, 'text', 'ghjkl', '2026-02-26 07:26:29'),
(1681, 119, 122, 10, 'date', '10-12-2004', '2026-02-26 07:26:29'),
(1682, 119, 122, 11, 'select', 'male', '2026-02-26 07:26:29'),
(1683, 119, 122, 12, 'text', 'GH45632', '2026-02-26 07:26:29'),
(1684, 119, 122, 13, 'date', '27-02-2026', '2026-02-26 07:26:29'),
(1685, 119, 122, 14, 'text', 'DFGHJK', '2026-02-26 07:26:29'),
(1686, 119, 122, 15, 'text', 'FGHJKL;', '2026-02-26 07:26:29'),
(1687, 120, 123, 1, 'text', 'ASDFGHJK', '2026-02-26 07:32:01'),
(1688, 120, 123, 2, 'text', 'SDFGHJ', '2026-02-26 07:32:01'),
(1689, 120, 123, 3, 'text', 'DFG6789', '2026-02-26 07:32:01'),
(1690, 120, 123, 4, 'file', '/fetch_file.php?path=2026%2F02%2F26%2FOrder_120%2Fapplicant_1%2FASDFGHJK_passportfront.png', '2026-02-26 07:32:01'),
(1691, 120, 123, 5, 'file', '/fetch_file.php?path=2026%2F02%2F26%2FOrder_120%2Fapplicant_1%2FASDFGHJK_passportback.png', '2026-02-26 07:32:01'),
(1692, 120, 123, 6, 'text', 'ASDFGHJK', '2026-02-26 07:32:01'),
(1693, 120, 123, 7, 'date', '12-05-2017', '2026-02-26 07:32:01'),
(1694, 120, 123, 8, 'date', '20-01-2030', '2026-02-26 07:32:01'),
(1695, 120, 123, 9, 'text', 'SDFGHJ', '2026-02-26 07:32:01'),
(1696, 120, 123, 10, 'date', '11-10-2000', '2026-02-26 07:32:01'),
(1697, 120, 123, 11, 'select', 'male', '2026-02-26 07:32:01'),
(1698, 120, 123, 12, 'text', 'SDFGHJK', '2026-02-26 07:32:01'),
(1699, 120, 123, 13, 'date', '27-02-2026', '2026-02-26 07:32:01'),
(1700, 120, 123, 14, 'text', 'ASDFGHJK;', '2026-02-26 07:32:01'),
(1701, 120, 123, 15, 'text', 'ZXDFHJKL', '2026-02-26 07:32:01'),
(1702, 121, 124, 1, 'text', 'sdfghjk', '2026-02-26 07:57:33'),
(1703, 121, 124, 2, 'text', 'asdfghj', '2026-02-26 07:57:33'),
(1704, 121, 124, 3, 'text', 'SD456789', '2026-02-26 07:57:33'),
(1705, 121, 124, 4, 'file', '/fetch_file.php?path=2026%2F02%2F26%2FOrder_121%2Fapplicant_1%2Fsdfghjk_passportfront.png', '2026-02-26 07:57:33'),
(1706, 121, 124, 5, 'file', '/fetch_file.php?path=2026%2F02%2F26%2FOrder_121%2Fapplicant_1%2Fsdfghjk_passportback.png', '2026-02-26 07:57:33'),
(1707, 121, 124, 6, 'text', 'DFGHJKL', '2026-02-26 07:57:33'),
(1708, 121, 124, 7, 'date', '12-05-2017', '2026-02-26 07:57:33'),
(1709, 121, 124, 8, 'date', '12-05-2030', '2026-02-26 07:57:33'),
(1710, 121, 124, 9, 'text', 'SDFGHJK', '2026-02-26 07:57:33'),
(1711, 121, 124, 10, 'date', '11-11-2000', '2026-02-26 07:57:33'),
(1712, 121, 124, 11, 'select', 'male', '2026-02-26 07:57:33'),
(1713, 121, 124, 12, 'text', 'SDF456789', '2026-02-26 07:57:33'),
(1714, 121, 124, 13, 'date', '27-02-2026', '2026-02-26 07:57:33'),
(1715, 121, 124, 14, 'text', 'DFGHJK', '2026-02-26 07:57:33'),
(1716, 121, 124, 15, 'text', 'SDFGHJK', '2026-02-26 07:57:33'),
(1717, 122, 125, 1, 'text', 'sdfghj]', '2026-02-26 08:10:06'),
(1718, 122, 125, 2, 'text', 'dfghjk', '2026-02-26 08:10:06'),
(1719, 122, 125, 3, 'text', 'SDF56789', '2026-02-26 08:10:06'),
(1720, 122, 125, 4, 'file', '/fetch_file.php?path=2026%2F02%2F26%2FOrder_122%2Fapplicant_1%2Fsdfghj__passportfront.png', '2026-02-26 08:10:06'),
(1721, 122, 125, 5, 'file', '/fetch_file.php?path=2026%2F02%2F26%2FOrder_122%2Fapplicant_1%2Fsdfghj__passportback.png', '2026-02-26 08:10:06'),
(1722, 122, 125, 6, 'text', 'SDFGHJK', '2026-02-26 08:10:06'),
(1723, 122, 125, 7, 'date', '12-06-2017', '2026-02-26 08:10:06'),
(1724, 122, 125, 8, 'date', '12-05-2030', '2026-02-26 08:10:06'),
(1725, 122, 125, 9, 'text', 'SDFGHJK&#039;', '2026-02-26 08:10:06'),
(1726, 122, 125, 10, 'date', '11-11-2000', '2026-02-26 08:10:06'),
(1727, 122, 125, 11, 'select', 'male', '2026-02-26 08:10:06'),
(1728, 122, 125, 12, 'text', 'SDFGH789', '2026-02-26 08:10:06'),
(1729, 122, 125, 13, 'date', '28-02-2026', '2026-02-26 08:10:06'),
(1730, 122, 125, 14, 'text', 'SDFHJ', '2026-02-26 08:10:06'),
(1731, 122, 125, 15, 'text', 'SDFH', '2026-02-26 08:10:06'),
(1732, 123, 126, 1, 'text', 'alis', '2026-02-26 08:18:43'),
(1733, 123, 126, 2, 'text', 'patel', '2026-02-26 08:18:43'),
(1734, 123, 126, 3, 'text', 'AF782541', '2026-02-26 08:18:43'),
(1735, 123, 126, 4, 'file', '/fetch_file.php?path=2026%2F02%2F26%2FOrder_123%2Fapplicant_1%2Falis_passportfront.png', '2026-02-26 08:18:43'),
(1736, 123, 126, 5, 'file', '/fetch_file.php?path=2026%2F02%2F26%2FOrder_123%2Fapplicant_1%2Falis_passportback.png', '2026-02-26 08:18:43'),
(1737, 123, 126, 6, 'text', 'indian', '2026-02-26 08:18:43'),
(1738, 123, 126, 7, 'date', '12-05-2017', '2026-02-26 08:18:43'),
(1739, 123, 126, 8, 'date', '12-05-2030', '2026-02-26 08:18:43'),
(1740, 123, 126, 9, 'text', 'sdfghjk', '2026-02-26 08:18:43'),
(1741, 123, 126, 10, 'date', '11-10-2004', '2026-02-26 08:18:43'),
(1742, 123, 126, 11, 'select', 'male', '2026-02-26 08:18:43'),
(1743, 123, 126, 12, 'text', 'SDF5678', '2026-02-26 08:18:43'),
(1744, 123, 126, 13, 'date', '28-02-2026', '2026-02-26 08:18:43'),
(1745, 123, 126, 14, 'text', 'DFGHJUKI', '2026-02-26 08:18:43'),
(1746, 123, 126, 15, 'text', 'DFRTGYHJUKL;', '2026-02-26 08:18:43'),
(1747, 124, 127, 1, 'text', 'Jack', '2026-02-26 09:08:02'),
(1748, 124, 127, 2, 'text', 'Doe', '2026-02-26 09:08:02'),
(1749, 124, 127, 3, 'text', 'PASS123456', '2026-02-26 09:08:02'),
(1750, 124, 127, 4, 'file', '2026/02/26/Order_124/applicant_1/Jack_passportfront.jpg', '2026-02-26 09:57:20'),
(1751, 124, 127, 5, 'file', '/fetch_file.php?path=2026%2F02%2F26%2FOrder_124%2Fapplicant_1%2FJohn_passportback.png', '2026-02-26 09:08:02'),
(1752, 124, 127, 6, 'text', 'India', '2026-02-26 09:08:02'),
(1753, 124, 127, 7, 'date', '2025-12-12', '2026-02-26 09:08:02'),
(1754, 124, 127, 8, 'date', '2027-12-12', '2026-02-26 09:08:02'),
(1755, 124, 127, 9, 'text', 'Birth', '2026-02-26 09:08:02'),
(1756, 124, 127, 10, 'date', '2005-12-12', '2026-02-26 09:08:02'),
(1757, 124, 127, 11, 'select', 'female', '2026-02-26 09:08:02'),
(1758, 124, 127, 12, 'text', 'LO319', '2026-02-26 09:08:02'),
(1759, 124, 127, 13, 'date', '2026-12-12', '2026-02-26 09:08:02'),
(1760, 124, 127, 14, 'text', 'Hotel', '2026-02-26 09:08:02'),
(1761, 124, 127, 15, 'text', 'City', '2026-02-26 09:08:02'),
(1762, 125, 128, 1, 'text', 'ljksgd', '2026-02-26 09:31:15'),
(1763, 125, 128, 2, 'text', 'lsakdjf', '2026-02-26 09:31:15'),
(1764, 125, 128, 3, 'text', 'AS12345', '2026-02-26 09:31:15'),
(1765, 125, 128, 4, 'file', '/fetch_file.php?path=2026%2F02%2F26%2FOrder_125%2Fapplicant_1%2Fljksgd_passportfront.jpeg', '2026-02-26 09:31:15'),
(1766, 125, 128, 5, 'file', '/fetch_file.php?path=2026%2F02%2F26%2FOrder_125%2Fapplicant_1%2Fljksgd_passportback.pdf', '2026-02-26 09:31:15'),
(1767, 125, 128, 6, 'text', 'ljdnfg', '2026-02-26 09:31:15'),
(1768, 125, 128, 7, 'date', '12-05-2020', '2026-02-26 09:31:15'),
(1769, 125, 128, 8, 'date', '12-05-2030', '2026-02-26 09:31:15'),
(1770, 125, 128, 9, 'text', 'dfghjk', '2026-02-26 09:31:15'),
(1771, 125, 128, 10, 'date', '12-05-2004', '2026-02-26 09:31:15'),
(1772, 125, 128, 11, 'select', 'male', '2026-02-26 09:31:15'),
(1773, 125, 128, 12, 'text', 'DF6788', '2026-02-26 09:31:15'),
(1774, 125, 128, 13, 'date', '28-02-2026', '2026-02-26 09:31:15'),
(1775, 125, 128, 14, 'text', 'fghjkl', '2026-02-26 09:31:15'),
(1776, 125, 128, 15, 'text', 'fghjkl', '2026-02-26 09:31:15'),
(1777, 126, 129, 1, 'text', 'jhgjkl', '2026-02-26 09:46:02'),
(1778, 126, 129, 2, 'text', 'asdfgfh', '2026-02-26 09:46:02'),
(1779, 126, 129, 3, 'text', 'AS1234', '2026-02-26 09:46:02'),
(1780, 126, 129, 4, 'file', '/fetch_file.php?path=2026%2F02%2F26%2FOrder_126%2Fapplicant_1%2Fjhgjkl_passportfront.jpeg', '2026-02-26 09:46:02'),
(1781, 126, 129, 5, 'file', '/fetch_file.php?path=2026%2F02%2F26%2FOrder_126%2Fapplicant_1%2Fjhgjkl_passportback.pdf', '2026-02-26 09:46:02'),
(1782, 126, 129, 6, 'text', 'dfghjk', '2026-02-26 09:46:02'),
(1783, 126, 129, 7, 'date', '12-03-2020', '2026-02-26 09:46:02'),
(1784, 126, 129, 8, 'date', '12-03-2030', '2026-02-26 09:46:02'),
(1785, 126, 129, 9, 'text', 'bhjkl;', '2026-02-26 09:46:02'),
(1786, 126, 129, 10, 'date', '12-03-2004', '2026-02-26 09:46:02'),
(1787, 126, 129, 11, 'select', 'male', '2026-02-26 09:46:02'),
(1788, 126, 129, 12, 'text', 'GH234', '2026-02-26 09:46:02'),
(1789, 126, 129, 13, 'date', '28-02-2026', '2026-02-26 09:46:02'),
(1790, 126, 129, 14, 'text', 'dfghjkl', '2026-02-26 09:46:02'),
(1791, 126, 129, 15, 'text', 'dfghjkl;', '2026-02-26 09:46:02'),
(1792, 127, 130, 1, 'text', 'jhgjkl', '2026-02-26 09:49:16'),
(1793, 127, 130, 2, 'text', 'asdfgfh', '2026-02-26 09:49:16'),
(1794, 127, 130, 3, 'text', 'AS1234', '2026-02-26 09:49:16'),
(1795, 127, 130, 4, 'file', '/fetch_file.php?path=2026%2F02%2F26%2FTMP_1772099035_69a015db6d81f%2Fapplicant_1%2Fjhgjkl_passportfront.jpeg', '2026-02-26 09:49:16'),
(1796, 127, 130, 5, 'file', '/fetch_file.php?path=2026%2F02%2F26%2FTMP_1772099035_69a015db6d81f%2Fapplicant_1%2Fjhgjkl_passportback.pdf', '2026-02-26 09:49:16'),
(1797, 127, 130, 6, 'text', 'dfghjk', '2026-02-26 09:49:16'),
(1798, 127, 130, 7, 'date', '12-03-2020', '2026-02-26 09:49:16'),
(1799, 127, 130, 8, 'date', '12-03-2030', '2026-02-26 09:49:16'),
(1800, 127, 130, 9, 'text', 'bhjkl;', '2026-02-26 09:49:16'),
(1801, 127, 130, 10, 'date', '12-03-2004', '2026-02-26 09:49:16'),
(1802, 127, 130, 11, 'select', 'male', '2026-02-26 09:49:16'),
(1803, 127, 130, 12, 'text', 'GH234', '2026-02-26 09:49:16'),
(1804, 127, 130, 13, 'date', '28-02-2026', '2026-02-26 09:49:16'),
(1805, 127, 130, 14, 'text', 'dfghjkl', '2026-02-26 09:49:16'),
(1806, 127, 130, 15, 'text', 'dfghjkl;', '2026-02-26 09:49:16'),
(1807, 128, 131, 1, 'text', 'Gary', '2026-02-26 10:22:49'),
(1808, 128, 131, 2, 'text', 'Jones', '2026-02-26 10:22:49'),
(1809, 128, 131, 3, 'text', 'HJ12345', '2026-02-26 10:22:49'),
(1810, 128, 131, 4, 'file', '/fetch_file.php?path=2026%2F02%2F26%2FOrder_128%2Fapplicant_1%2FGary_passportfront.jpeg', '2026-02-26 10:22:49'),
(1811, 128, 131, 5, 'file', '/fetch_file.php?path=2026%2F02%2F26%2FOrder_128%2Fapplicant_1%2FGary_passportback.pdf', '2026-02-26 10:22:49'),
(1812, 128, 131, 6, 'text', 'India', '2026-02-26 10:22:49'),
(1813, 128, 131, 7, 'date', '2020-03-12', '2026-02-26 10:22:49'),
(1814, 128, 131, 8, 'date', '2030-03-12', '2026-02-26 10:22:49'),
(1815, 128, 131, 9, 'text', 'Vadodara', '2026-02-26 10:22:49'),
(1816, 128, 131, 10, 'date', '2004-03-12', '2026-02-26 10:22:49'),
(1817, 128, 131, 11, 'select', 'male', '2026-02-26 10:22:49'),
(1818, 128, 131, 12, 'text', 'GJ1234', '2026-02-26 10:22:49'),
(1819, 128, 131, 13, 'date', '2026-02-28', '2026-02-26 10:22:49'),
(1820, 128, 131, 14, 'text', 'International', '2026-02-26 10:22:49'),
(1821, 128, 131, 15, 'text', 'Bangkok', '2026-02-26 10:22:49'),
(1822, 129, 132, 1, 'text', 'fdsdsdd', '2026-02-26 10:37:07'),
(1823, 129, 132, 2, 'text', 'fvfds', '2026-02-26 10:37:07'),
(1824, 129, 132, 3, 'text', 'AF45705', '2026-02-26 10:37:07'),
(1825, 129, 132, 4, 'file', '/fetch_file.php?path=2026%2F02%2F26%2FOrder_129%2Fapplicant_1%2Ffdsdsdd_passportfront.png', '2026-02-26 10:37:07'),
(1826, 129, 132, 5, 'file', '/fetch_file.php?path=2026%2F02%2F26%2FOrder_129%2Fapplicant_1%2Ffdsdsdd_passportback.png', '2026-02-26 10:37:07'),
(1827, 129, 132, 6, 'text', 'rtfhbd ew', '2026-02-26 10:37:07'),
(1828, 129, 132, 7, 'date', '11-11-2005', '2026-02-26 10:37:07'),
(1829, 129, 132, 8, 'date', '11-11-2035', '2026-02-26 10:37:07'),
(1830, 129, 132, 9, 'text', 'rgfvggth', '2026-02-26 10:37:07'),
(1831, 129, 132, 10, 'date', '11-11-2003', '2026-02-26 10:37:07'),
(1832, 129, 132, 11, 'select', 'male', '2026-02-26 10:37:07'),
(1833, 129, 132, 12, 'text', 'AIR12354', '2026-02-26 10:37:07'),
(1834, 129, 132, 13, 'date', '30-03-2026', '2026-02-26 10:37:07'),
(1835, 129, 132, 14, 'text', 'rerferreer', '2026-02-26 10:37:07'),
(1836, 129, 132, 15, 'text', 'erefewrerwre', '2026-02-26 10:37:07'),
(1837, 130, 133, 1, 'text', 'dfghjkl', '2026-02-27 06:07:34'),
(1838, 130, 133, 2, 'text', 'xcfghjkl', '2026-02-27 06:07:34'),
(1839, 130, 133, 3, 'text', 'AS123456', '2026-02-27 06:07:34'),
(1840, 130, 133, 4, 'file', '2026/02/27/Order_130/applicant_1/dfghjkl_passportfront.png', '2026-02-27 06:11:00'),
(1841, 130, 133, 5, 'file', '/fetch_file.php?path=2026%2F02%2F27%2FOrder_130%2Fapplicant_1%2Fdfghjkl_passportback.jpeg', '2026-02-27 06:07:34'),
(1842, 130, 133, 6, 'text', 'cfghj', '2026-02-27 06:07:34'),
(1843, 130, 133, 7, 'date', '2020-03-12', '2026-02-27 06:07:34'),
(1844, 130, 133, 8, 'date', '2030-03-12', '2026-02-27 06:07:34'),
(1845, 130, 133, 9, 'text', 'dfghj', '2026-02-27 06:07:34'),
(1846, 130, 133, 10, 'date', '2003-03-12', '2026-02-27 06:07:34'),
(1847, 130, 133, 11, 'select', 'male', '2026-02-27 06:07:34'),
(1848, 130, 133, 12, 'text', 'FG5678', '2026-02-27 06:07:34'),
(1849, 130, 133, 13, 'date', '2026-02-28', '2026-02-27 06:07:34'),
(1850, 130, 133, 14, 'text', 'sdfghjk', '2026-02-27 06:07:34'),
(1851, 130, 133, 15, 'text', 'dfghjkl', '2026-02-27 06:07:34'),
(1852, 131, 134, 1, 'text', 'Ajay', '2026-03-05 19:02:41'),
(1853, 131, 134, 2, 'text', 'Singh', '2026-03-05 19:02:41'),
(1854, 131, 134, 3, 'text', 'TRT1234', '2026-03-05 19:02:41'),
(1855, 131, 134, 4, 'file', '/fetch_file.php?path=2026%2F03%2F05%2FOrder_131%2Fapplicant_1%2FAjay_passportfront.pdf', '2026-03-05 19:02:41'),
(1856, 131, 134, 5, 'file', '/fetch_file.php?path=2026%2F03%2F05%2FOrder_131%2Fapplicant_1%2FAjay_passportback.pdf', '2026-03-05 19:02:41'),
(1857, 131, 134, 6, 'text', 'India', '2026-03-05 19:02:41'),
(1858, 131, 134, 7, 'date', '10-03-2022', '2026-03-05 19:02:41'),
(1859, 131, 134, 8, 'date', '21-03-2031', '2026-03-05 19:02:41'),
(1860, 131, 134, 9, 'text', 'Varanasi', '2026-03-05 19:02:41'),
(1861, 131, 134, 10, 'date', '27-03-1998', '2026-03-05 19:02:41'),
(1862, 131, 134, 11, 'select', 'male', '2026-03-05 19:02:41'),
(1863, 131, 134, 12, 'text', '6E1234', '2026-03-05 19:02:41'),
(1864, 131, 134, 13, 'date', '13-03-2026', '2026-03-05 19:02:41'),
(1865, 131, 134, 14, 'text', 'Fuck hotel', '2026-03-05 19:02:41'),
(1866, 131, 134, 15, 'text', 'Karabi', '2026-03-05 19:02:41'),
(1867, 132, 135, 2, 'text', 'ASDFGH', '2026-03-10 10:42:35'),
(1868, 132, 135, 1, 'text', 'ASDFGHJKL', '2026-03-10 10:42:35'),
(1869, 132, 135, 16, 'text', NULL, '2026-03-10 10:42:35'),
(1870, 132, 135, 3, 'text', 'FG12345', '2026-03-10 10:42:35'),
(1871, 132, 135, 10, 'date', '2007/03/22', '2026-03-10 10:42:35'),
(1872, 132, 135, 17, 'select', 'student', '2026-03-10 10:42:35'),
(1873, 132, 135, 11, 'select', 'male', '2026-03-10 10:42:35'),
(1874, 132, 135, 18, 'text', 'GHJKL', '2026-03-10 10:42:35'),
(1875, 132, 135, 13, 'date', '2026/03/12', '2026-03-10 10:42:35'),
(1876, 132, 135, 12, 'text', 'HJ12345', '2026-03-10 10:42:35'),
(1877, 132, 135, 19, 'date', '2026/03/25', '2026-03-10 10:42:35'),
(1878, 132, 135, 20, 'text', NULL, '2026-03-10 10:42:35'),
(1879, 132, 135, 21, 'select', 'hotel', '2026-03-10 10:42:35'),
(1880, 132, 135, 22, 'text', 'DFGHJK', '2026-03-10 10:42:35'),
(1881, 132, 135, 23, 'text', 'DFGHJKL', '2026-03-10 10:42:35'),
(1882, 132, 135, 24, 'text', 'FGHJKL;', '2026-03-10 10:42:35'),
(1883, 132, 135, 14, 'text', 'DFGHJKL;', '2026-03-10 10:42:35'),
(1884, 133, 136, 2, 'text', 'Patel', '2026-03-12 09:59:37'),
(1885, 133, 136, 1, 'text', 'Rahul', '2026-03-12 09:59:37'),
(1886, 133, 136, 16, 'text', NULL, '2026-03-12 09:59:37'),
(1887, 133, 136, 3, 'text', 'TY12345', '2026-03-12 09:59:37'),
(1888, 133, 136, 10, 'date', '2009/03/04', '2026-03-12 09:59:37'),
(1889, 133, 136, 17, 'select', 'student', '2026-03-12 09:59:37'),
(1890, 133, 136, 11, 'select', 'male', '2026-03-12 09:59:37'),
(1891, 133, 136, 18, 'text', 'Gujarat', '2026-03-12 09:59:37'),
(1892, 133, 136, 13, 'date', '2026/03/14', '2026-03-12 09:59:37'),
(1893, 133, 136, 12, 'text', 'GH234567', '2026-03-12 09:59:37'),
(1894, 133, 136, 19, 'date', '2026/03/25', '2026-03-12 09:59:37'),
(1895, 133, 136, 20, 'text', NULL, '2026-03-12 09:59:37'),
(1896, 133, 136, 21, 'select', 'hotel', '2026-03-12 09:59:37'),
(1897, 133, 136, 22, 'text', 'Bangkok', '2026-03-12 09:59:37'),
(1898, 133, 136, 23, 'text', 'Hoho', '2026-03-12 09:59:37'),
(1899, 133, 136, 24, 'text', 'Hihi', '2026-03-12 09:59:37'),
(1900, 133, 136, 14, 'text', 'The international', '2026-03-12 09:59:37'),
(1901, 134, 137, 2, 'text', 'Potal', '2026-03-13 09:25:24'),
(1902, 134, 137, 1, 'text', 'Bahul', '2026-03-13 09:25:24'),
(1903, 134, 137, 16, 'text', NULL, '2026-03-13 09:25:24'),
(1904, 134, 137, 3, 'text', 'RE146578', '2026-03-13 09:25:24'),
(1905, 134, 137, 10, 'date', '2008/03/17', '2026-03-13 09:25:24'),
(1906, 134, 137, 17, 'select', 'student', '2026-03-13 09:25:24'),
(1907, 134, 137, 11, 'select', 'male', '2026-03-13 09:25:24'),
(1908, 134, 137, 18, 'text', 'Delhi', '2026-03-13 09:25:24'),
(1909, 134, 137, 13, 'date', '2026/03/16', '2026-03-13 09:25:24'),
(1910, 134, 137, 12, 'text', 'AI204', '2026-03-13 09:25:24'),
(1911, 134, 137, 19, 'date', '2026/03/27', '2026-03-13 09:25:24'),
(1912, 134, 137, 20, 'text', NULL, '2026-03-13 09:25:24'),
(1913, 134, 137, 21, 'select', 'hotel', '2026-03-13 09:25:24'),
(1914, 134, 137, 22, 'text', 'Chon Buri', '2026-03-13 09:25:24'),
(1915, 134, 137, 23, 'text', 'Phuket', '2026-03-13 09:25:24'),
(1916, 134, 137, 24, 'text', 'Bangkok', '2026-03-13 09:25:24'),
(1917, 134, 137, 14, 'text', 'The international', '2026-03-13 09:25:24'),
(1918, 135, 138, 2, 'text', 'Hxjdj', '2026-03-18 06:31:29'),
(1919, 135, 138, 1, 'text', 'Jxjdnd', '2026-03-18 06:31:29'),
(1920, 135, 138, 16, 'text', NULL, '2026-03-18 06:31:29'),
(1921, 135, 138, 3, 'text', 'GH6173', '2026-03-18 06:31:29'),
(1922, 135, 138, 10, 'date', '2006/03/15', '2026-03-18 06:31:29'),
(1923, 135, 138, 17, 'select', 'student', '2026-03-18 06:31:29'),
(1924, 135, 138, 11, 'select', 'male', '2026-03-18 06:31:29'),
(1925, 135, 138, 18, 'text', 'Hfjdnf', '2026-03-18 06:31:29'),
(1926, 135, 138, 13, 'date', '2026/03/19', '2026-03-18 06:31:29'),
(1927, 135, 138, 12, 'text', 'AI302', '2026-03-18 06:31:29'),
(1928, 135, 138, 19, 'date', '2026/03/31', '2026-03-18 06:31:29'),
(1929, 135, 138, 20, 'text', NULL, '2026-03-18 06:31:29'),
(1930, 135, 138, 21, 'select', 'hotel', '2026-03-18 06:31:29'),
(1931, 135, 138, 22, 'text', 'Nxjdnd', '2026-03-18 06:31:29'),
(1932, 135, 138, 23, 'text', 'Jxndnd', '2026-03-18 06:31:29'),
(1933, 135, 138, 24, 'text', 'Nxndndkf', '2026-03-18 06:31:29'),
(1934, 135, 138, 14, 'text', 'Nxidndmd', '2026-03-18 06:31:29'),
(1935, 136, 139, 2, 'text', 'Patel', '2026-03-31 10:18:59'),
(1936, 136, 139, 1, 'text', 'Rohit', '2026-03-31 10:18:59'),
(1937, 136, 139, 16, 'text', NULL, '2026-03-31 10:18:59'),
(1938, 136, 139, 3, 'text', 'UI345678', '2026-03-31 10:18:59'),
(1939, 136, 139, 10, 'date', '2002/03/31', '2026-03-31 10:18:59'),
(1940, 136, 139, 17, 'select', 'student', '2026-03-31 10:18:59'),
(1941, 136, 139, 11, 'select', 'male', '2026-03-31 10:18:59'),
(1942, 136, 139, 18, 'text', 'Haryana', '2026-03-31 10:18:59'),
(1943, 136, 139, 13, 'date', '2026/04/04', '2026-03-31 10:18:59'),
(1944, 136, 139, 12, 'text', 'AE2567', '2026-03-31 10:18:59'),
(1945, 136, 139, 19, 'date', '2026/04/17', '2026-03-31 10:18:59'),
(1946, 136, 139, 20, 'text', NULL, '2026-03-31 10:18:59'),
(1947, 136, 139, 21, 'select', 'hotel', '2026-03-31 10:18:59'),
(1948, 136, 139, 22, 'text', 'Bangkok', '2026-03-31 10:18:59'),
(1949, 136, 139, 23, 'text', 'Phuket', '2026-03-31 10:18:59'),
(1950, 136, 139, 24, 'text', 'Chon Buri', '2026-03-31 10:18:59'),
(1951, 136, 139, 14, 'text', 'The international', '2026-03-31 10:18:59');

-- --------------------------------------------------------

--
-- Table structure for table `applicant_files`
--

CREATE TABLE `applicant_files` (
  `id` bigint(20) NOT NULL,
  `order_id` bigint(20) NOT NULL,
  `applicant_id` bigint(20) NOT NULL,
  `question_id` int(11) NOT NULL,
  `file_path` varchar(500) NOT NULL,
  `file_type` varchar(50) DEFAULT NULL,
  `uploaded_at` timestamp NULL DEFAULT current_timestamp()
) ENGINE=InnoDB DEFAULT CHARSET=utf8mb4 COLLATE=utf8mb4_unicode_ci;

--
-- Dumping data for table `applicant_files`
--

INSERT INTO `applicant_files` (`id`, `order_id`, `applicant_id`, `question_id`, `file_path`, `file_type`, `uploaded_at`) VALUES
(1, 1, 1, 4, 'uploads/thailand/passport_front_rahul.jpg', 'image/jpeg', '2026-01-13 09:24:30'),
(2, 1, 1, 5, 'uploads/thailand/passport_back_rahul.jpg', 'image/jpeg', '2026-01-13 09:24:30'),
(3, 2, 2, 4, 'uploads/thailand/passport_front_alice.jpg', 'image/jpeg', '2026-01-13 09:24:30'),
(4, 2, 2, 5, 'uploads/thailand/passport_back_alice.jpg', 'image/jpeg', '2026-01-13 09:24:30'),
(5, 2, 3, 4, 'uploads/thailand/passport_front_bob.jpg', 'image/jpeg', '2026-01-13 09:24:30'),
(6, 2, 3, 5, 'uploads/thailand/passport_back_bob.jpg', 'image/jpeg', '2026-01-13 09:24:30'),
(7, 3, 4, 4, 'fetch_file.php?path=2026%2F01%2F16%2FOrder_1%2Fapplicant_1%2Ffile_1768559621_696a14059e54b.pdf', NULL, '2026-01-16 10:34:36'),
(8, 3, 4, 5, 'fetch_file.php?path=2026%2F01%2F16%2FOrder_1%2Fapplicant_1%2Ffile_1768559633_696a14111f516.pdf', NULL, '2026-01-16 10:34:36'),
(9, 4, 5, 4, 'fetch_file.php?path=2026%2F01%2F16%2FOrder_3%2Fapplicant_1%2Ffile_1768562060_696a1d8c36299.jpeg', NULL, '2026-01-16 11:16:51'),
(10, 4, 5, 5, 'fetch_file.php?path=2026%2F01%2F16%2FOrder_3%2Fapplicant_1%2Ffile_1768562071_696a1d971523e.pdf', NULL, '2026-01-16 11:16:51'),
(11, 5, 6, 4, 'fetch_file.php?path=2026%2F01%2F19%2FOrder_4%2Fapplicant_1%2Ffile_1768803200_696dcb80bf2f5.jpeg', NULL, '2026-01-19 06:16:58'),
(12, 5, 6, 5, 'fetch_file.php?path=2026%2F01%2F19%2FOrder_4%2Fapplicant_1%2Ffile_1768803210_696dcb8a09642.pdf', NULL, '2026-01-19 06:16:58'),
(13, 7, 7, 4, 'fetch_file.php?path=2026%2F01%2F19%2FOrder_6%2Fapplicant_1%2Ffile_1768806271_696dd77f3aefd.jpeg', NULL, '2026-01-19 07:07:16'),
(14, 7, 7, 5, 'fetch_file.php?path=2026%2F01%2F19%2FOrder_6%2Fapplicant_1%2Ffile_1768806306_696dd7a207e85.pdf', NULL, '2026-01-19 07:07:16'),
(15, 8, 8, 4, 'fetch_file.php?path=2026%2F01%2F19%2F8%2Fapplicant_1%2Ffile_1768811075_696dea4330255.jpeg', NULL, '2026-01-19 08:26:21'),
(16, 8, 8, 5, 'fetch_file.php?path=2026%2F01%2F19%2F8%2Fapplicant_1%2Ffile_1768811086_696dea4e7a8eb.jpeg', NULL, '2026-01-19 08:26:21'),
(17, 9, 9, 4, 'fetch_file.php?path=2026%2F01%2F19%2Forder_9%2Fapplicant_1%2Ffile_1768812033_696dee01401df.jpeg', NULL, '2026-01-19 08:42:33'),
(18, 9, 9, 5, 'fetch_file.php?path=2026%2F01%2F19%2Forder_9%2Fapplicant_1%2Ffile_1768812041_696dee093e8ab.jpeg', NULL, '2026-01-19 08:42:33'),
(19, 10, 10, 4, 'fetch_file.php?path=2026%2F01%2F19%2Forder_10%2Fapplicant_1%2Ffile_1768817041_696e01918ac00.png', NULL, '2026-01-19 10:04:20'),
(20, 10, 10, 5, 'fetch_file.php?path=2026%2F01%2F19%2Forder_10%2Fapplicant_1%2Ffile_1768817043_696e0193290b8.png', NULL, '2026-01-19 10:04:20'),
(23, 11, 12, 4, '2026/02/16/order_11/applicant_2/file_1771225915_6992c33b4cd93.jpg', 'image/jpeg', '2026-02-16 07:11:55'),
(24, 11, 12, 5, '2026/02/16/order_11/applicant_2/file_1771227530_6992c98a23c7d.jpg', 'image/jpeg', '2026-02-16 07:38:50'),
(26, 11, 13, 5, 'fetch_file.php?path=2026%2F01%2F19%2Forder_11%2Fapplicant_3%2Ffile_1768817414_696e0306d9cde.png', NULL, '2026-01-19 10:10:30'),
(27, 12, 14, 4, 'fetch_file.php?path=2026%2F01%2F20%2Forder_12%2Fapplicant_1%2Ffile_1768894934_696f31d666065.png', NULL, '2026-01-20 07:42:41'),
(28, 12, 14, 5, 'fetch_file.php?path=2026%2F01%2F20%2Forder_12%2Fapplicant_1%2Ffile_1768894943_696f31df89b65.png', NULL, '2026-01-20 07:42:41'),
(29, 14, 16, 4, 'fetch_file.php?path=2026%2F01%2F20%2Forder_14%2Fapplicant_1%2Fdocument_1768899237_1_696f42a575e89.png', NULL, '2026-01-20 09:27:56'),
(30, 14, 16, 5, 'fetch_file.php?path=2026%2F01%2F20%2Forder_14%2Fapplicant_1%2Ffile_1768901259_696f4a8b0d242.jpeg', NULL, '2026-01-20 09:27:56'),
(31, 15, 17, 4, 'fetch_file.php?path=2026%2F01%2F20%2Forder_15%2Fapplicant_1%2Ffile_1768902481_696f4f5192dbc.png', NULL, '2026-01-20 09:48:38'),
(32, 15, 17, 5, 'fetch_file.php?path=2026%2F01%2F20%2Forder_15%2Fapplicant_1%2Ffile_1768902499_696f4f633eb93.png', NULL, '2026-01-20 09:48:38'),
(33, 16, 18, 4, 'fetch_file.php?path=2026%2F01%2F20%2Forder_16%2Fapplicant_1%2Ffile_1768903264_696f52605fa86.png', NULL, '2026-01-20 10:02:04'),
(34, 16, 18, 5, 'fetch_file.php?path=2026%2F01%2F20%2Forder_16%2Fapplicant_1%2Ffile_1768903274_696f526a56679.png', NULL, '2026-01-20 10:02:04'),
(35, 17, 19, 4, 'fetch_file.php?path=2026%2F01%2F20%2Forder_17%2Fapplicant_1%2Ffile_1768907724_696f63cca6e31.png', NULL, '2026-01-20 11:15:52'),
(36, 17, 19, 5, 'fetch_file.php?path=2026%2F01%2F20%2Forder_17%2Fapplicant_1%2Ffile_1768907735_696f63d78df02.png', NULL, '2026-01-20 11:15:52'),
(37, 18, 20, 4, 'fetch_file.php?path=2026%2F01%2F20%2Forder_18%2Fapplicant_1%2Ffile_1768926880_696faea06ae91.png', NULL, '2026-01-20 16:35:05'),
(38, 18, 20, 5, 'fetch_file.php?path=2026%2F01%2F20%2Forder_18%2Fapplicant_1%2Ffile_1768926894_696faeae3f432.png', NULL, '2026-01-20 16:35:05'),
(39, 19, 21, 4, 'fetch_file.php?path=2026%2F01%2F21%2Forder_19%2Fapplicant_1%2Ffile_1768977360_697073d057d26.png', NULL, '2026-01-21 06:36:47'),
(40, 19, 21, 5, 'fetch_file.php?path=2026%2F01%2F21%2Forder_19%2Fapplicant_1%2Ffile_1768977374_697073de70455.png', NULL, '2026-01-21 06:36:47'),
(41, 21, 23, 4, 'fetch_file.php?path=2026%2F01%2F21%2Forder_21%2Fapplicant_1%2Ffile_1768982289_6970871185b40.jpeg', NULL, '2026-01-21 08:06:27'),
(42, 21, 23, 5, 'fetch_file.php?path=2026%2F01%2F21%2Forder_21%2Fapplicant_1%2Ffile_1768982310_697087264c631.pdf', NULL, '2026-01-21 08:06:27'),
(43, 22, 24, 4, '/fetch_file.php?path=2026%2F01%2F21%2Forder_22%2Fapplicant_1%2Ffile_1768987050_697099aa79614.jpeg', NULL, '2026-01-21 09:26:00'),
(44, 22, 24, 5, '/fetch_file.php?path=2026%2F01%2F21%2Forder_22%2Fapplicant_1%2Ffile_1768987058_697099b2e5cd7.pdf', NULL, '2026-01-21 09:26:00'),
(45, 23, 25, 4, '/fetch_file.php?path=2026%2F01%2F21%2Forder_23%2Fapplicant_1%2Ffile_1769001197_6970d0ed629c3.pdf', NULL, '2026-01-21 13:13:54'),
(46, 23, 25, 5, '/fetch_file.php?path=2026%2F01%2F21%2Forder_23%2Fapplicant_1%2Ffile_1769001216_6970d10018a99.png', NULL, '2026-01-21 13:13:54'),
(47, 24, 26, 4, '/fetch_file.php?path=2026%2F01%2F22%2Forder_24%2Fapplicant_1%2Ffile_1769066775_6971d117d86d2.png', NULL, '2026-01-22 07:32:07'),
(48, 24, 26, 5, '/fetch_file.php?path=2026%2F01%2F22%2Forder_24%2Fapplicant_1%2Ffile_1769066781_6971d11d7e1f3.png', NULL, '2026-01-22 07:32:07'),
(49, 25, 27, 4, '/fetch_file.php?path=2026%2F01%2F22%2Forder_25%2Fapplicant_1%2Ffile_1769068026_6971d5faabc57.png', NULL, '2026-01-22 07:52:28'),
(50, 25, 27, 5, '/fetch_file.php?path=2026%2F01%2F22%2Forder_25%2Fapplicant_1%2Ffile_1769068032_6971d60010bfd.png', NULL, '2026-01-22 07:52:28'),
(51, 26, 28, 4, '/fetch_file.php?path=2026%2F01%2F22%2Forder_26%2Fapplicant_1%2Ffile_1769070029_6971ddcd9222f.png', NULL, '2026-01-22 08:23:22'),
(52, 26, 28, 5, '/fetch_file.php?path=2026%2F01%2F22%2Forder_26%2Fapplicant_1%2Ffile_1769070034_6971ddd2c2fdb.png', NULL, '2026-01-22 08:23:22'),
(53, 27, 29, 4, '/fetch_file.php?path=2026%2F01%2F22%2Forder_27%2Fapplicant_1%2Ffile_1769072238_6971e66ea2c92.png', NULL, '2026-01-22 09:02:39'),
(54, 27, 29, 5, '/fetch_file.php?path=2026%2F01%2F22%2Forder_27%2Fapplicant_1%2Ffile_1769072243_6971e6734cdf7.png', NULL, '2026-01-22 09:02:39'),
(55, 28, 30, 4, '/fetch_file.php?path=2026%2F01%2F22%2Forder_28%2Fapplicant_1%2Ffile_1769074628_6971efc4981f8.png', NULL, '2026-01-22 09:39:14'),
(56, 28, 30, 5, '/fetch_file.php?path=2026%2F01%2F22%2Forder_28%2Fapplicant_1%2Ffile_1769074640_6971efd007233.png', NULL, '2026-01-22 09:39:14'),
(57, 29, 31, 4, 'fetch_file.php?path=2026%2F01%2F22%2Forder_29%2Fapplicant_1%2Ffile_1769077305_6971fa394099b.jpeg', NULL, '2026-01-22 10:27:09'),
(58, 29, 31, 5, 'fetch_file.php?path=2026%2F01%2F22%2Forder_29%2Fapplicant_1%2Ffile_1769077326_6971fa4ea9fe4.pdf', NULL, '2026-01-22 10:27:09'),
(59, 30, 32, 4, '/fetch_file.php?path=2026%2F01%2F22%2Forder_30%2Fapplicant_1%2Ffile_1769077841_6971fc51cde85.png', NULL, '2026-01-22 10:33:59'),
(60, 30, 32, 5, '/fetch_file.php?path=2026%2F01%2F22%2Forder_30%2Fapplicant_1%2Ffile_1769077850_6971fc5ad3cac.png', NULL, '2026-01-22 10:33:59'),
(61, 31, 33, 4, '/fetch_file.php?path=2026%2F01%2F22%2Forder_31%2Fapplicant_1%2Ffile_1769097456_697248f00fe31.png', NULL, '2026-01-22 15:59:01'),
(62, 31, 33, 5, '/fetch_file.php?path=2026%2F01%2F22%2Forder_31%2Fapplicant_1%2Ffile_1769097462_697248f63b940.png', NULL, '2026-01-22 15:59:01'),
(63, 32, 34, 4, '/fetch_file.php?path=2026%2F01%2F23%2Forder_32%2Fapplicant_1%2Ffile_1769154704_697328906b9a7.jpeg', NULL, '2026-01-23 07:55:56'),
(64, 32, 34, 5, '/fetch_file.php?path=2026%2F01%2F23%2Forder_32%2Fapplicant_1%2Ffile_1769154711_6973289721f99.pdf', NULL, '2026-01-23 07:55:56'),
(65, 33, 35, 4, '/fetch_file.php?path=2026%2F01%2F23%2Forder_33%2Fapplicant_1%2Ffile_1769162799_6973482fd6294.jpeg', NULL, '2026-01-23 10:09:19'),
(66, 33, 35, 5, '/fetch_file.php?path=2026%2F01%2F23%2Forder_33%2Fapplicant_1%2Ffile_1769162808_697348387b437.pdf', NULL, '2026-01-23 10:09:19'),
(67, 34, 36, 4, '/fetch_file.php?path=2026%2F01%2F23%2Forder_34%2Fapplicant_1%2Ffile_1769164490_69734ecaec52b.jpeg', NULL, '2026-01-23 10:37:05'),
(68, 34, 36, 5, '/fetch_file.php?path=2026%2F01%2F23%2Forder_34%2Fapplicant_1%2Ffile_1769164502_69734ed641268.pdf', NULL, '2026-01-23 10:37:05'),
(69, 35, 37, 4, '/fetch_file.php?path=2026%2F01%2F23%2Forder_35%2Fapplicant_1%2Ffile_1769164782_69734fee81c3f.png', NULL, '2026-01-23 10:42:20'),
(70, 35, 37, 5, '/fetch_file.php?path=2026%2F01%2F23%2Forder_35%2Fapplicant_1%2Ffile_1769164795_69734ffb4fcf6.pdf', NULL, '2026-01-23 10:42:20'),
(71, 36, 38, 4, '/fetch_file.php?path=2026%2F01%2F23%2Forder_36%2Fapplicant_1%2Ffile_1769166625_69735721e5b4e.png', NULL, '2026-01-23 11:12:29'),
(72, 36, 38, 5, '/fetch_file.php?path=2026%2F01%2F23%2Forder_36%2Fapplicant_1%2Ffile_1769166631_69735727d9fe0.png', NULL, '2026-01-23 11:12:29'),
(73, 37, 39, 4, '/fetch_file.php?path=2026%2F01%2F27%2Forder_37%2Fapplicant_1%2Ffile_1769494716_697858bc8502b.jpeg', NULL, '2026-01-27 06:20:46'),
(74, 37, 39, 5, '/fetch_file.php?path=2026%2F01%2F27%2Forder_37%2Fapplicant_1%2Ffile_1769494726_697858c6576df.jpeg', NULL, '2026-01-27 06:20:46'),
(75, 38, 40, 4, '/fetch_file.php?path=2026%2F01%2F27%2Forder_38%2Fapplicant_1%2Ffile_1769502198_697875f62a69f.jpeg', NULL, '2026-01-27 08:26:03'),
(76, 38, 40, 5, '/fetch_file.php?path=2026%2F01%2F27%2Forder_38%2Fapplicant_1%2Ffile_1769502206_697875fe65121.pdf', NULL, '2026-01-27 08:26:03'),
(77, 39, 41, 4, '2026/01/27/order_39/applicant_1/file_1769504877_6978806d8bb14.jpeg', NULL, '2026-01-27 09:09:37'),
(78, 39, 41, 5, '2026/01/27/order_39/applicant_1/file_1769504886_69788076c9448.pdf', NULL, '2026-01-27 09:09:37'),
(79, 40, 42, 4, '/fetch_file.php?path=2026%2F01%2F27%2Forder_40%2Fapplicant_1%2Ffile_1769506851_69788823d6fd4.jpeg', NULL, '2026-01-27 09:42:35'),
(80, 40, 42, 5, '/fetch_file.php?path=2026%2F01%2F27%2Forder_40%2Fapplicant_1%2Ffile_1769506861_6978882da86d1.pdf', NULL, '2026-01-27 09:42:35'),
(81, 41, 43, 4, '/fetch_file.php?path=2026%2F01%2F27%2Forder_41%2Fapplicant_1%2Ffile_1769508131_69788d231b271.png', NULL, '2026-01-27 10:59:39'),
(82, 41, 43, 5, '/fetch_file.php?path=2026%2F01%2F27%2Forder_41%2Fapplicant_1%2Ffile_1769508143_69788d2fa3675.png', NULL, '2026-01-27 10:59:39'),
(83, 41, 44, 4, '/fetch_file.php?path=2026%2F01%2F27%2Forder_41%2Fapplicant_2%2Ffile_1769510505_697896696da05.png', NULL, '2026-01-27 10:59:39'),
(84, 41, 44, 5, '/fetch_file.php?path=2026%2F01%2F27%2Forder_41%2Fapplicant_2%2Ffile_1769510544_69789690ee7d9.png', NULL, '2026-01-27 10:59:39'),
(85, 41, 45, 4, '/fetch_file.php?path=2026%2F01%2F27%2Forder_41%2Fapplicant_3%2Ffile_1769511234_6978994205cf6.png', NULL, '2026-01-27 10:59:39'),
(86, 41, 45, 5, '/fetch_file.php?path=2026%2F01%2F27%2Forder_41%2Fapplicant_3%2Ffile_1769511331_697899a395953.png', NULL, '2026-01-27 10:59:39'),
(87, 42, 46, 4, '/fetch_file.php?path=2026%2F01%2F28%2Forder_42%2Fapplicant_1%2Ffile_1769580562_6979a812e0d3d.jpeg', NULL, '2026-01-28 06:12:27'),
(88, 42, 46, 5, '/fetch_file.php?path=2026%2F01%2F28%2Forder_42%2Fapplicant_1%2Ffile_1769580584_6979a82876f80.pdf', NULL, '2026-01-28 06:12:27'),
(89, 43, 47, 4, '/fetch_file.php?path=2026%2F01%2F28%2Forder_43%2Fapplicant_1%2Ffile_1769583015_6979b1a744fb1.jpeg', NULL, '2026-01-28 06:52:44'),
(90, 43, 47, 5, '/fetch_file.php?path=2026%2F01%2F28%2Forder_43%2Fapplicant_1%2Ffile_1769583025_6979b1b136319.pdf', NULL, '2026-01-28 06:52:44'),
(91, 44, 48, 4, '/fetch_file.php?path=2026%2F01%2F28%2Forder_44%2Fapplicant_1%2Ffile_1769584537_6979b799561f7.jpeg', NULL, '2026-01-28 07:17:53'),
(92, 44, 48, 5, '/fetch_file.php?path=2026%2F01%2F28%2Forder_44%2Fapplicant_1%2Ffile_1769584547_6979b7a35d6b9.pdf', NULL, '2026-01-28 07:17:53'),
(93, 45, 49, 4, '/fetch_file.php?path=2026%2F01%2F28%2Forder_45%2Fapplicant_1%2Ffile_1769585467_6979bb3bcb953.png', NULL, '2026-01-28 07:40:41'),
(94, 45, 49, 5, '/fetch_file.php?path=2026%2F01%2F28%2Forder_45%2Fapplicant_1%2Ffile_1769585483_6979bb4bd644a.png', NULL, '2026-01-28 07:40:41'),
(95, 45, 50, 4, '/fetch_file.php?path=2026%2F01%2F28%2Forder_45%2Fapplicant_2%2Ffile_1769585812_6979bc9406eb7.png', NULL, '2026-01-28 07:40:41'),
(96, 45, 50, 5, '/fetch_file.php?path=2026%2F01%2F28%2Forder_45%2Fapplicant_2%2Ffile_1769585819_6979bc9ba8b66.png', NULL, '2026-01-28 07:40:41'),
(97, 46, 51, 4, '/fetch_file.php?path=2026%2F01%2F28%2Forder_46%2Fapplicant_1%2Ffile_1769586823_6979c0874c7f5.jpeg', NULL, '2026-01-28 07:57:22'),
(98, 46, 51, 5, '/fetch_file.php?path=2026%2F01%2F28%2Forder_46%2Fapplicant_1%2Ffile_1769586835_6979c09300225.pdf', NULL, '2026-01-28 07:57:22'),
(99, 46, 52, 4, '/fetch_file.php?path=2026%2F01%2F28%2Forder_46%2Fapplicant_2%2Ffile_1769586950_6979c10685ce3.jpeg', NULL, '2026-01-28 07:57:22'),
(100, 46, 52, 5, '/fetch_file.php?path=2026%2F01%2F28%2Forder_46%2Fapplicant_2%2Ffile_1769586957_6979c10d44105.jpeg', NULL, '2026-01-28 07:57:22'),
(101, 47, 53, 4, '/fetch_file.php?path=2026%2F01%2F28%2Forder_47%2Fapplicant_1%2Ffile_1769590549_6979cf1515c95.jpeg', NULL, '2026-01-28 09:04:23'),
(102, 47, 53, 5, '/fetch_file.php?path=2026%2F01%2F28%2Forder_47%2Fapplicant_1%2Ffile_1769590567_6979cf2763669.pdf', NULL, '2026-01-28 09:04:23'),
(103, 47, 54, 4, '/fetch_file.php?path=2026%2F01%2F28%2Forder_47%2Fapplicant_2%2Ffile_1769590853_6979d045144bc.jpeg', NULL, '2026-01-28 09:04:23'),
(104, 47, 54, 5, '/fetch_file.php?path=2026%2F01%2F28%2Forder_47%2Fapplicant_2%2Ffile_1769590860_6979d04c1907a.jpeg', NULL, '2026-01-28 09:04:23'),
(105, 48, 55, 4, '/fetch_file.php?path=2026%2F01%2F28%2Forder_48%2Fapplicant_1%2Ffile_1769593805_6979dbcd8be31.jpeg', NULL, '2026-01-28 09:51:41'),
(106, 48, 55, 5, '/fetch_file.php?path=2026%2F01%2F28%2Forder_48%2Fapplicant_1%2Ffile_1769593816_6979dbd858faf.jpeg', NULL, '2026-01-28 09:51:41'),
(107, 49, 56, 4, '/fetch_file.php?path=2026%2F01%2F28%2Forder_49%2Fapplicant_1%2Ffile_1769595534_6979e28ef28c2.jpeg', NULL, '2026-01-28 10:20:59'),
(108, 49, 56, 5, '/fetch_file.php?path=2026%2F01%2F28%2Forder_49%2Fapplicant_1%2Ffile_1769595550_6979e29ee18c0.jpeg', NULL, '2026-01-28 10:20:59'),
(109, 50, 57, 4, '/fetch_file.php?path=2026%2F01%2F28%2Forder_50%2Fapplicant_1%2Ffile_1769596340_6979e5b456366.jpeg', NULL, '2026-01-28 10:35:52'),
(110, 50, 57, 5, '/fetch_file.php?path=2026%2F01%2F28%2Forder_50%2Fapplicant_1%2Ffile_1769596347_6979e5bb2b6ad.jpeg', NULL, '2026-01-28 10:35:52'),
(111, 51, 58, 4, '/fetch_file.php?path=2026%2F01%2F29%2Forder_51%2Fapplicant_1%2Ffile_1769667763_697afcb3d68bf.png', NULL, '2026-01-29 06:34:37'),
(112, 51, 58, 5, '/fetch_file.php?path=2026%2F01%2F29%2Forder_51%2Fapplicant_1%2Ffile_1769667797_697afcd506539.png', NULL, '2026-01-29 06:34:37'),
(113, 51, 59, 4, '/fetch_file.php?path=2026%2F01%2F29%2Forder_51%2Fapplicant_2%2Ffile_1769668352_697aff00a4b4f.png', NULL, '2026-01-29 06:34:37'),
(114, 51, 59, 5, '/fetch_file.php?path=2026%2F01%2F29%2Forder_51%2Fapplicant_2%2Ffile_1769668365_697aff0dac3b5.png', NULL, '2026-01-29 06:34:37'),
(115, 52, 60, 4, '/fetch_file.php?path=2026%2F01%2F29%2Forder_52%2Fapplicant_1%2Ffile_1769672727_697b1017c540f.jpeg', NULL, '2026-01-29 07:48:16'),
(116, 52, 60, 5, '/fetch_file.php?path=2026%2F01%2F29%2Forder_52%2Fapplicant_1%2Ffile_1769672737_697b1021a6bad.pdf', NULL, '2026-01-29 07:48:16'),
(117, 53, 61, 4, '/fetch_file.php?path=2026%2F01%2F29%2Forder_53%2Fapplicant_1%2Ffile_1769675672_697b1b98b8f2c.png', NULL, '2026-01-29 08:37:07'),
(118, 53, 61, 5, '/fetch_file.php?path=2026%2F01%2F29%2Forder_53%2Fapplicant_1%2Ffile_1769675689_697b1ba99eed7.pdf', NULL, '2026-01-29 08:37:07'),
(119, 54, 62, 4, '/fetch_file.php?path=2026%2F01%2F29%2Forder_54%2Fapplicant_1%2Ffile_1769686399_697b457f4c902.png', 'image/jpeg', '2026-01-29 11:35:06'),
(120, 54, 62, 5, '/fetch_file.php?path=2026%2F01%2F29%2Forder_54%2Fapplicant_1%2Ffile_1769686405_697b458523068.png', 'image/jpeg', '2026-01-29 11:35:06'),
(121, 55, 63, 4, '/fetch_file.php?path=2026%2F01%2F30%2Forder_55%2Fapplicant_1%2Ffile_1769754240_697c4e80b2163.png', 'image/jpeg', '2026-01-30 06:26:23'),
(122, 55, 63, 5, '/fetch_file.php?path=2026%2F01%2F30%2Forder_55%2Fapplicant_1%2Ffile_1769754248_697c4e8821a1d.png', 'image/jpeg', '2026-01-30 06:26:23'),
(123, 56, 64, 4, '/fetch_file.php?path=2026%2F01%2F30%2Forder_56%2Fapplicant_1%2Ffile_1769756028_697c557cb3c94.png', 'image/jpeg', '2026-01-30 06:55:39'),
(124, 56, 64, 5, '/fetch_file.php?path=2026%2F01%2F30%2Forder_56%2Fapplicant_1%2Ffile_1769756039_697c558729097.png', 'image/jpeg', '2026-01-30 06:55:39'),
(125, 57, 65, 4, '/fetch_file.php?path=2026%2F01%2F30%2Forder_57%2Fapplicant_1%2Ffile_1769758551_697c5f5715d6e.png', 'image/jpeg', '2026-01-30 07:37:09'),
(126, 57, 65, 5, '/fetch_file.php?path=2026%2F01%2F30%2Forder_57%2Fapplicant_1%2Ffile_1769758557_697c5f5d93958.png', 'image/jpeg', '2026-01-30 07:37:09'),
(127, 58, 66, 4, '/fetch_file.php?path=2026%2F01%2F30%2Forder_58%2Fapplicant_1%2Ffile_1769758859_697c608b7686e.png', 'image/jpeg', '2026-01-30 07:42:32'),
(128, 58, 66, 5, '/fetch_file.php?path=2026%2F01%2F30%2Forder_58%2Fapplicant_1%2Ffile_1769758874_697c609a97f6d.png', 'image/jpeg', '2026-01-30 07:42:32'),
(129, 59, 67, 4, '2026/01/30/order_1769776592/applicant_1/file_1769776592_697ca5d0270ee.png', NULL, '2026-01-30 12:37:31'),
(130, 59, 67, 5, '2026/01/30/order_1769776592/applicant_1/file_1769776596_697ca5d478d9a.png', NULL, '2026-01-30 12:37:31'),
(131, 60, 68, 4, '/fetch_file.php?path=2026%2F01%2F30%2Forder_60%2Fapplicant_1%2Ffile_1769763619_697c732367485.jpg', NULL, '2026-01-31 06:39:25'),
(132, 60, 68, 5, '/fetch_file.php?path=2026%2F01%2F30%2Forder_60%2Fapplicant_1%2Ffile_1769763630_697c732e390d7.jpg', NULL, '2026-01-31 06:39:25'),
(135, 66, 70, 4, '/fetch_file.php?path=2026%2F02%2F02%2Forder_66%2Fapplicant_1%2Ffile_1770016348_69804e5cc2b4a.jpeg', NULL, '2026-02-02 07:13:39'),
(136, 66, 70, 5, '/fetch_file.php?path=2026%2F02%2F02%2Forder_66%2Fapplicant_1%2Ffile_1770016357_69804e657877e.jpeg', NULL, '2026-02-02 07:13:39'),
(137, 67, 71, 4, '/fetch_file.php?path=2026%2F02%2F02%2Forder_67%2Fapplicant_1%2Ffile_1770017311_6980521f0d7e3.png', NULL, '2026-02-02 07:30:25'),
(138, 67, 71, 5, '/fetch_file.php?path=2026%2F02%2F02%2Forder_67%2Fapplicant_1%2Ffile_1770017323_6980522b127c5.png', NULL, '2026-02-02 07:30:25'),
(139, 68, 72, 4, '/fetch_file.php?path=2026%2F02%2F02%2Forder_68%2Fapplicant_1%2Ffile_1770018734_698057ae79ba7.jpeg', NULL, '2026-02-02 07:53:22'),
(140, 68, 72, 5, '/fetch_file.php?path=2026%2F02%2F02%2Forder_68%2Fapplicant_1%2Ffile_1770018742_698057b6230aa.jpeg', NULL, '2026-02-02 07:53:22'),
(141, 70, 73, 4, '/fetch_file.php?path=2026%2F02%2F02%2Forder_70%2Fapplicant_1%2Ffile_1770018850_69805822d638d.png', NULL, '2026-02-02 07:56:10'),
(142, 70, 73, 5, '/fetch_file.php?path=2026%2F02%2F02%2Forder_70%2Fapplicant_1%2Ffile_1770018857_698058290b0cb.png', NULL, '2026-02-02 07:56:10'),
(143, 71, 74, 4, '/fetch_file.php?path=2026%2F02%2F02%2Forder_71%2Fapplicant_1%2Ffile_1770020043_69805ccb42786.jpeg', NULL, '2026-02-02 08:15:31'),
(144, 71, 74, 5, '/fetch_file.php?path=2026%2F02%2F02%2Forder_71%2Fapplicant_1%2Ffile_1770020049_69805cd1dbc4b.jpeg', NULL, '2026-02-02 08:15:31'),
(145, 72, 75, 4, '/fetch_file.php?path=2026%2F02%2F02%2Forder_72%2Fapplicant_1%2Ffile_1770024179_69806cf347ffd.png', NULL, '2026-02-02 09:24:41'),
(146, 72, 75, 5, '/fetch_file.php?path=2026%2F02%2F02%2Forder_72%2Fapplicant_1%2Ffile_1770024185_69806cf983ebd.png', NULL, '2026-02-02 09:24:41'),
(147, 73, 76, 4, '/fetch_file.php?path=2026%2F02%2F02%2Forder_73%2Fapplicant_1%2Ffile_1770026272_6980752076fbd.pdf', NULL, '2026-02-02 09:59:34'),
(148, 73, 76, 5, '/fetch_file.php?path=2026%2F02%2F02%2Forder_73%2Fapplicant_1%2Ffile_1770026277_6980752551038.pdf', NULL, '2026-02-02 09:59:34'),
(149, 74, 77, 4, '/fetch_file.php?path=2026%2F02%2F02%2Forder_74%2Fapplicant_1%2Ffile_1770028261_69807ce5885e5.jpeg', NULL, '2026-02-02 10:32:37'),
(150, 74, 77, 5, '/fetch_file.php?path=2026%2F02%2F02%2Forder_74%2Fapplicant_1%2Ffile_1770028271_69807cefcac8b.jpeg', NULL, '2026-02-02 10:32:37'),
(151, 75, 78, 4, '/fetch_file.php?path=2026%2F02%2F02%2Forder_75%2Fapplicant_1%2Ffile_1770029951_6980837f95a87.jpeg', NULL, '2026-02-02 11:00:46'),
(152, 75, 78, 5, '/fetch_file.php?path=2026%2F02%2F02%2Forder_75%2Fapplicant_1%2Ffile_1770029959_69808387568dd.jpeg', NULL, '2026-02-02 11:00:46'),
(153, 76, 79, 4, '/fetch_file.php?path=2026%2F02%2F02%2Forder_76%2Fapplicant_1%2Ffile_1770031487_6980897f1471c.png', NULL, '2026-02-02 11:26:09'),
(154, 76, 79, 5, '/fetch_file.php?path=2026%2F02%2F02%2Forder_76%2Fapplicant_1%2Ffile_1770031494_69808986c4a83.png', NULL, '2026-02-02 11:26:09'),
(155, 77, 80, 4, '/fetch_file.php?path=2026%2F02%2F02%2FTMP_1770032234_69808c6a54779%2Fapplicant_1%2Ffile_1770032234_69808c6a5483b.png', NULL, '2026-02-02 11:38:28'),
(156, 77, 80, 5, '/fetch_file.php?path=2026%2F02%2F02%2FTMP_1770032234_69808c6a54779%2Fapplicant_1%2Ffile_1770032240_69808c7060c44.png', NULL, '2026-02-02 11:38:28'),
(157, 78, 81, 4, '/fetch_file.php?path=2026%2F02%2F02%2Forder_78%2Fapplicant_1%2Ffile_1770032234_69808c6a5483b.png', NULL, '2026-02-02 11:38:29'),
(158, 78, 81, 5, '/fetch_file.php?path=2026%2F02%2F02%2Forder_78%2Fapplicant_1%2Ffile_1770032240_69808c7060c44.png', NULL, '2026-02-02 11:38:29'),
(159, 79, 82, 4, '/fetch_file.php?path=2026%2F02%2F03%2Forder_79%2Fapplicant_1%2Ffile_1770097795_69818c833ba2d.jpeg', NULL, '2026-02-03 05:51:42'),
(160, 79, 82, 5, '/fetch_file.php?path=2026%2F02%2F03%2Forder_79%2Fapplicant_1%2Ffile_1770097815_69818c97b8417.pdf', NULL, '2026-02-03 05:51:42'),
(161, 80, 83, 4, '/fetch_file.php?path=2026%2F02%2F03%2Forder_80%2Fapplicant_1%2Ffile_1770106953_6981b04978d64.png', NULL, '2026-02-03 08:23:49'),
(162, 80, 83, 5, '/fetch_file.php?path=2026%2F02%2F03%2Forder_80%2Fapplicant_1%2Ffile_1770106962_6981b052aab58.png', NULL, '2026-02-03 08:23:49'),
(163, 81, 84, 4, '/fetch_file.php?path=2026%2F02%2F03%2FTMP_1770109828_6981bb841c6a9%2Fapplicant_1%2Ffile_1770109828_6981bb841c74d.jpeg', NULL, '2026-02-03 09:29:24'),
(164, 81, 84, 5, '/fetch_file.php?path=2026%2F02%2F03%2FTMP_1770109828_6981bb841c6a9%2Fapplicant_1%2Ffile_1770109837_6981bb8d16ff5.jpeg', NULL, '2026-02-03 09:29:24'),
(165, 82, 85, 4, '/fetch_file.php?path=2026%2F02%2F03%2FTMP_1770111519_6981c21f25b3a%2Fapplicant_1%2Ffile_1770111519_6981c21f25c05.jpeg', NULL, '2026-02-03 09:41:23'),
(166, 82, 85, 5, '/fetch_file.php?path=2026%2F02%2F03%2FTMP_1770111519_6981c21f25b3a%2Fapplicant_1%2Ffile_1770111528_6981c2284ef2b.jpeg', NULL, '2026-02-03 09:41:23'),
(167, 83, 86, 4, '/fetch_file.php?path=2026%2F02%2F03%2FTMP_1770113139_6981c873c9df2%2Fapplicant_1%2Ffile_1770113139_6981c873c9ebd.jpeg', NULL, '2026-02-03 10:07:47'),
(168, 83, 86, 5, '/fetch_file.php?path=2026%2F02%2F03%2FTMP_1770113139_6981c873c9df2%2Fapplicant_1%2Ffile_1770113146_6981c87a99e7b.jpeg', NULL, '2026-02-03 10:07:47'),
(169, 84, 87, 4, '/fetch_file.php?path=2026%2F02%2F03%2FTMP_1770113442_6981c9a28c51f%2Fapplicant_1%2Ffile_1770113442_6981c9a28c5e9.png', NULL, '2026-02-03 10:13:22'),
(170, 84, 87, 5, '/fetch_file.php?path=2026%2F02%2F03%2FTMP_1770113442_6981c9a28c51f%2Fapplicant_1%2Ffile_1770113447_6981c9a775437.png', NULL, '2026-02-03 10:13:22'),
(171, 85, 88, 4, '/fetch_file.php?path=2026%2F02%2F03%2FTMP_1770115360_6981d120e117c%2Fapplicant_1%2Ffile_1770115360_6981d120e1250.jpeg', NULL, '2026-02-03 10:44:16'),
(172, 85, 88, 5, '/fetch_file.php?path=2026%2F02%2F03%2FTMP_1770115360_6981d120e117c%2Fapplicant_1%2Ffile_1770115366_6981d1265cbdc.jpeg', NULL, '2026-02-03 10:44:16'),
(173, 86, 89, 4, '/fetch_file.php?path=2026%2F02%2F03%2FTMP_1770114187_6981cc8b2813d%2Fapplicant_1%2Ffile_1770114187_6981cc8b28248.jpg', NULL, '2026-02-03 10:47:02'),
(174, 86, 89, 5, '/fetch_file.php?path=2026%2F02%2F03%2FTMP_1770114187_6981cc8b2813d%2Fapplicant_1%2Ffile_1770114193_6981cc9180220.jpg', NULL, '2026-02-03 10:47:02'),
(175, 87, 90, 4, '/fetch_file.php?path=2026%2F02%2F03%2FTMP_1770124908_6981f66c2c00b%2Fapplicant_1%2Ffile_1770124908_6981f66c2c22f.jpeg', NULL, '2026-02-03 13:25:33'),
(176, 87, 90, 5, '/fetch_file.php?path=2026%2F02%2F03%2FTMP_1770124908_6981f66c2c00b%2Fapplicant_1%2Ffile_1770124923_6981f67be024f.jpeg', NULL, '2026-02-03 13:25:33'),
(177, 88, 91, 4, '/fetch_file.php?path=2026%2F02%2F04%2FTMP_1770184024_6982dd5823b6b%2Fapplicant_1%2Ffile_1770184024_6982dd58264ad.jpeg', NULL, '2026-02-04 05:50:17'),
(178, 88, 91, 5, '/fetch_file.php?path=2026%2F02%2F04%2FTMP_1770184024_6982dd5823b6b%2Fapplicant_1%2Ffile_1770184035_6982dd630e726.jpeg', NULL, '2026-02-04 05:50:17'),
(179, 89, 92, 4, '/fetch_file.php?path=2026%2F02%2F04%2FTMP_1770187026_6982e912d51bf%2Fapplicant_1%2Ffile_1770187026_6982e912d53d8.png', NULL, '2026-02-04 06:39:13'),
(180, 89, 92, 5, '/fetch_file.php?path=2026%2F02%2F04%2FTMP_1770187026_6982e912d51bf%2Fapplicant_1%2Ffile_1770187031_6982e917d8d96.png', NULL, '2026-02-04 06:39:13'),
(181, 92, 95, 4, '/fetch_file.php?path=2026%2F02%2F05%2FTMP_1770274907_6984405b3cfc2%2Fapplicant_1%2Ffile_1770274907_6984405b3d1d3.jpg', NULL, '2026-02-05 07:03:38'),
(182, 92, 95, 5, '/fetch_file.php?path=2026%2F02%2F05%2FTMP_1770274907_6984405b3cfc2%2Fapplicant_1%2Ffile_1770274912_6984406049bbd.jpg', NULL, '2026-02-05 07:03:38'),
(183, 93, 96, 4, '/fetch_file.php?path=2026%2F02%2F05%2FTMP_1770289904_69847af04b4d9%2Fapplicant_1%2Ffile_1770289904_69847af04b599.png', NULL, '2026-02-05 11:19:05'),
(184, 93, 96, 5, '/fetch_file.php?path=2026%2F02%2F05%2FTMP_1770289904_69847af04b4d9%2Fapplicant_1%2Ffile_1770289909_69847af5dcf57.png', NULL, '2026-02-05 11:19:05'),
(185, 94, 97, 4, '/fetch_file.php?path=2026%2F02%2F05%2FTMP_1770288115_698473f3e5871%2Fapplicant_1%2Ffile_1770288115_698473f3e5967.png', NULL, '2026-02-06 07:12:48'),
(186, 94, 97, 5, '/fetch_file.php?path=2026%2F02%2F05%2FTMP_1770288115_698473f3e5871%2Fapplicant_1%2Ffile_1770288124_698473fc3e14c.jpg', NULL, '2026-02-06 07:12:48'),
(187, 95, 98, 4, '/fetch_file.php?path=2026%2F02%2F05%2FTMP_1770288115_698473f3e5871%2Fapplicant_1%2Ffile_1770288115_698473f3e5967.png', NULL, '2026-02-06 07:13:44'),
(188, 95, 98, 5, '/fetch_file.php?path=2026%2F02%2F05%2FTMP_1770288115_698473f3e5871%2Fapplicant_1%2Ffile_1770288124_698473fc3e14c.jpg', NULL, '2026-02-06 07:13:44'),
(189, 96, 99, 4, '/fetch_file.php?path=2026%2F02%2F09%2FTMP_1770619899_698983fbb9908%2Fapplicant_1%2Ffile_1770619899_698983fbb9b65.png', NULL, '2026-02-09 06:53:32'),
(190, 96, 99, 5, '/fetch_file.php?path=2026%2F02%2F09%2FTMP_1770619899_698983fbb9908%2Fapplicant_1%2Ffile_1770619902_698983fee6de7.png', NULL, '2026-02-09 06:53:32'),
(218, 63, 69, 5, '2026/02/02/order_63/applicant_1/order_63_applicant_.jpg', 'image/jpeg', '2026-02-17 11:36:50'),
(219, 63, 69, 4, '2026/02/02/order_63/applicant_1/order_63_applicant1.png', 'image/png', '2026-02-17 11:47:36'),
(222, 11, 11, 5, '2026/01/19/order_11/applicant_1/order_11_applicant1.png', 'image/png', '2026-02-17 12:07:59'),
(224, 11, 13, 4, '2026/01/19/order_11/applicant_3/order_11_applicant3_front_png', 'image/png', '2026-02-19 08:01:22'),
(225, 100, 103, 4, '/fetch_file.php?path=2026%2F02%2F19%2FTMP_1771498937_6996edb95152c%2Fapplicant_1%2Ffile_1771498937_6996edb9517bb.png', NULL, '2026-02-19 11:04:24'),
(226, 100, 103, 5, '/fetch_file.php?path=2026%2F02%2F19%2FTMP_1771498937_6996edb95152c%2Fapplicant_1%2Ffile_1771498940_6996edbcf18ec.png', NULL, '2026-02-19 11:04:24'),
(227, 101, 104, 4, '/fetch_file.php?path=2026%2F02%2F23%2FTMP_1771826535_699bed674a8c1%2Fapplicant_1%2Ffile_1771826535_699bed674aad2.png', NULL, '2026-02-23 06:04:36'),
(228, 101, 104, 5, '/fetch_file.php?path=2026%2F02%2F23%2FTMP_1771826535_699bed674a8c1%2Fapplicant_1%2Ffile_1771826541_699bed6dac864.png', NULL, '2026-02-23 06:04:36'),
(229, 102, 105, 4, '/fetch_file.php?path=Orders%2FOrder_102%2Fapplicant_1%2Fsdfghj_dfghj_passport_front.png', NULL, '2026-02-23 11:08:20'),
(230, 102, 105, 5, '/fetch_file.php?path=Orders%2FOrder_102%2Fapplicant_1%2Fsdfghj_dfghj_passport_back.png', NULL, '2026-02-23 11:08:20'),
(231, 103, 106, 4, '/fetch_file.php?path=Orders%2FOrder_103%2Fapplicant_1%2Fdfghjk_fghjk_passport_front.png', NULL, '2026-02-23 11:21:11'),
(232, 103, 106, 5, '/fetch_file.php?path=Orders%2FOrder_103%2Fapplicant_1%2Fdfghjk_fghjk_passport_back.png', NULL, '2026-02-23 11:21:11'),
(233, 104, 107, 4, '/fetch_file.php?path=Orders%2FOrder_104%2Fapplicant_1%2Fasdfgh_asdgfh_passport_front.jpeg', NULL, '2026-02-23 15:42:27'),
(234, 104, 107, 5, '/fetch_file.php?path=Orders%2FOrder_104%2Fapplicant_1%2Fasdfgh_asdgfh_passport_back.jpeg', NULL, '2026-02-23 15:42:27'),
(235, 105, 108, 4, '/fetch_file.php?path=2026%2FOrder_105%2Fapplicant_1%2Fsdfghjk_swedrtyuio_passportfront.png', NULL, '2026-02-24 07:01:55'),
(236, 105, 108, 5, '/fetch_file.php?path=2026%2FOrder_105%2Fapplicant_1%2Fsdfghjk_swedrtyuio_passportback.png', NULL, '2026-02-24 07:01:55'),
(237, 106, 109, 4, '/fetch_file.php?path=2026%2FOrder_106%2Fapplicant_1%2FSDFGHJ__SDFGHJK_passportfront.png', NULL, '2026-02-24 07:17:44'),
(238, 106, 109, 5, '/fetch_file.php?path=2026%2FOrder_106%2Fapplicant_1%2FSDFGHJ__SDFGHJK_passportback.png', NULL, '2026-02-24 07:17:44'),
(239, 107, 110, 4, '/fetch_file.php?path=2026%2F02%2F24%2FOrder_107%2Fapplicant_1%2Fsdfghj_sdgh_passportfront.png', NULL, '2026-02-24 08:59:48'),
(240, 107, 110, 5, '/fetch_file.php?path=2026%2F02%2F24%2FOrder_107%2Fapplicant_1%2Fsdfghj_sdgh_passportback.png', NULL, '2026-02-24 08:59:48'),
(241, 108, 111, 4, '/fetch_file.php?path=2026%2F02%2F24%2FOrder_108%2Fapplicant_1%2Fdfghjk_passportfront.png', NULL, '2026-02-24 10:09:41'),
(242, 108, 111, 5, '/fetch_file.php?path=2026%2F02%2F24%2FOrder_108%2Fapplicant_1%2Fdfghjk_passportback.png', NULL, '2026-02-24 10:09:41'),
(243, 109, 112, 4, '/fetch_file.php?path=2026%2F02%2F24%2FOrder_109%2Fapplicant_1%2Fdfghjk_passportfront.png', NULL, '2026-02-24 11:20:58'),
(244, 109, 112, 5, '/fetch_file.php?path=2026%2F02%2F24%2FOrder_109%2Fapplicant_1%2Fdfghjk_passportback.png', NULL, '2026-02-24 11:20:58'),
(245, 110, 113, 4, '/fetch_file.php?path=2026%2F02%2F25%2FOrder_110%2Fapplicant_1%2FMilan_passportfront.png', NULL, '2026-02-25 07:34:31'),
(246, 110, 113, 5, '/fetch_file.php?path=2026%2F02%2F25%2FOrder_110%2Fapplicant_1%2FMilan_passportback.png', NULL, '2026-02-25 07:34:31'),
(247, 111, 114, 4, '/fetch_file.php?path=2026%2F02%2F25%2FOrder_111%2Fapplicant_1%2FMilan_passportfront.png', NULL, '2026-02-25 07:54:19'),
(248, 111, 114, 5, '/fetch_file.php?path=2026%2F02%2F25%2FOrder_111%2Fapplicant_1%2FMilan_passportback.png', NULL, '2026-02-25 07:54:19'),
(252, 112, 115, 4, '2026/02/25/order_112/applicant_1/order_112_applicant1_front_png', 'image/png', '2026-02-25 08:16:23'),
(253, 112, 115, 5, '2026/02/25/order_112/applicant_1/order_112_applicant1_back_jpg', 'image/jpeg', '2026-02-25 08:17:54'),
(257, 113, 116, 5, '2026/02/25/order_113/applicant_1/order_113_applicant1_back_png', 'image/png', '2026-02-25 08:49:07'),
(258, 113, 116, 4, '2026/02/25/order_113/applicant_1/order_113_applicant1_front_jpg', 'image/jpeg', '2026-02-25 08:54:31'),
(269, 114, 117, 4, '2026/02/25/Order_114/applicant_1/a_passportfront.jpg', 'image/jpeg', '2026-02-25 09:25:06'),
(270, 114, 117, 5, '2026/02/25/Order_114/applicant_1/a_passportback.png', 'image/png', '2026-02-25 09:25:18'),
(285, 115, 118, 5, '2026/02/25/Order_115/applicant_1/_passportback.jpg', 'image/jpeg', '2026-02-25 09:42:26'),
(287, 115, 118, 4, '2026/02/25/Order_115/applicant_1/A_passportfront.png', 'image/png', '2026-02-25 09:59:43'),
(288, 11, 11, 4, '2026/01/19/Order_11/applicant_1/Ankit_passportfront.jpg', 'image/jpeg', '2026-02-25 10:05:10'),
(293, 116, 119, 5, '2026/02/25/Order_116/applicant_1/John_passportback.png', 'image/png', '2026-02-26 07:02:14'),
(294, 116, 119, 4, '2026/02/25/Order_116/applicant_1/Jhon_passportfront.jpg', 'image/jpeg', '2026-02-26 07:04:38'),
(296, 117, 120, 5, '/fetch_file.php?path=2026%2F02%2F26%2FOrder_117%2Fapplicant_1%2FCortis_passportback.png', NULL, '2026-02-26 07:09:53'),
(298, 117, 120, 4, '2026/02/26/Order_117/applicant_1/Jesse_passportfront.jpg', 'image/jpeg', '2026-02-26 07:15:16'),
(299, 118, 121, 4, '/fetch_file.php?path=2026%2F02%2F26%2FOrder_118%2Fapplicant_1%2Fdfghjk_passportfront.png', NULL, '2026-02-26 07:15:48'),
(300, 118, 121, 5, '/fetch_file.php?path=2026%2F02%2F26%2FOrder_118%2Fapplicant_1%2Fdfghjk_passportback.png', NULL, '2026-02-26 07:15:48'),
(301, 119, 122, 4, '/fetch_file.php?path=2026%2F02%2F26%2FOrder_119%2Fapplicant_1%2Fghjkl_passportfront.png', NULL, '2026-02-26 07:26:29'),
(302, 119, 122, 5, '/fetch_file.php?path=2026%2F02%2F26%2FOrder_119%2Fapplicant_1%2Fghjkl_passportback.png', NULL, '2026-02-26 07:26:29'),
(303, 120, 123, 4, '/fetch_file.php?path=2026%2F02%2F26%2FOrder_120%2Fapplicant_1%2FASDFGHJK_passportfront.png', NULL, '2026-02-26 07:32:01'),
(304, 120, 123, 5, '/fetch_file.php?path=2026%2F02%2F26%2FOrder_120%2Fapplicant_1%2FASDFGHJK_passportback.png', NULL, '2026-02-26 07:32:01'),
(305, 121, 124, 4, '/fetch_file.php?path=2026%2F02%2F26%2FOrder_121%2Fapplicant_1%2Fsdfghjk_passportfront.png', NULL, '2026-02-26 07:57:33'),
(306, 121, 124, 5, '/fetch_file.php?path=2026%2F02%2F26%2FOrder_121%2Fapplicant_1%2Fsdfghjk_passportback.png', NULL, '2026-02-26 07:57:33'),
(307, 122, 125, 4, '/fetch_file.php?path=2026%2F02%2F26%2FOrder_122%2Fapplicant_1%2Fsdfghj__passportfront.png', NULL, '2026-02-26 08:10:06'),
(308, 122, 125, 5, '/fetch_file.php?path=2026%2F02%2F26%2FOrder_122%2Fapplicant_1%2Fsdfghj__passportback.png', NULL, '2026-02-26 08:10:06'),
(309, 123, 126, 4, '/fetch_file.php?path=2026%2F02%2F26%2FOrder_123%2Fapplicant_1%2Falis_passportfront.png', NULL, '2026-02-26 08:18:43'),
(310, 123, 126, 5, '/fetch_file.php?path=2026%2F02%2F26%2FOrder_123%2Fapplicant_1%2Falis_passportback.png', NULL, '2026-02-26 08:18:43'),
(316, 124, 127, 5, '2026/02/26/Order_124/applicant_1/Jack_passportback.png', 'image/png', '2026-02-26 09:14:46'),
(317, 125, 128, 4, '/fetch_file.php?path=2026%2F02%2F26%2FOrder_125%2Fapplicant_1%2Fljksgd_passportfront.jpeg', NULL, '2026-02-26 09:31:15'),
(318, 125, 128, 5, '/fetch_file.php?path=2026%2F02%2F26%2FOrder_125%2Fapplicant_1%2Fljksgd_passportback.pdf', NULL, '2026-02-26 09:31:15'),
(321, 126, 129, 4, '/fetch_file.php?path=2026%2F02%2F26%2FOrder_126%2Fapplicant_1%2Fjhgjkl_passportfront.jpeg', NULL, '2026-02-26 09:46:02'),
(322, 126, 129, 5, '/fetch_file.php?path=2026%2F02%2F26%2FOrder_126%2Fapplicant_1%2Fjhgjkl_passportback.pdf', NULL, '2026-02-26 09:46:02'),
(323, 127, 130, 4, '/fetch_file.php?path=2026%2F02%2F26%2FTMP_1772099035_69a015db6d81f%2Fapplicant_1%2Fjhgjkl_passportfront.jpeg', NULL, '2026-02-26 09:49:16'),
(324, 127, 130, 5, '/fetch_file.php?path=2026%2F02%2F26%2FTMP_1772099035_69a015db6d81f%2Fapplicant_1%2Fjhgjkl_passportback.pdf', NULL, '2026-02-26 09:49:16'),
(325, 124, 127, 4, '2026/02/26/Order_124/applicant_1/Jack_passportfront.jpg', 'image/jpeg', '2026-02-26 09:57:20'),
(326, 128, 131, 4, '/fetch_file.php?path=2026%2F02%2F26%2FOrder_128%2Fapplicant_1%2FGary_passportfront.jpeg', NULL, '2026-02-26 10:22:49'),
(327, 128, 131, 5, '/fetch_file.php?path=2026%2F02%2F26%2FOrder_128%2Fapplicant_1%2FGary_passportback.pdf', NULL, '2026-02-26 10:22:49'),
(328, 129, 132, 4, '/fetch_file.php?path=2026%2F02%2F26%2FOrder_129%2Fapplicant_1%2Ffdsdsdd_passportfront.png', NULL, '2026-02-26 10:37:07'),
(329, 129, 132, 5, '/fetch_file.php?path=2026%2F02%2F26%2FOrder_129%2Fapplicant_1%2Ffdsdsdd_passportback.png', NULL, '2026-02-26 10:37:07'),
(331, 130, 133, 5, '/fetch_file.php?path=2026%2F02%2F27%2FOrder_130%2Fapplicant_1%2Fdfghjkl_passportback.jpeg', NULL, '2026-02-27 06:07:34'),
(333, 130, 133, 4, '2026/02/27/Order_130/applicant_1/dfghjkl_passportfront.png', 'image/png', '2026-02-27 06:11:00'),
(334, 131, 134, 4, '/fetch_file.php?path=2026%2F03%2F05%2FOrder_131%2Fapplicant_1%2FAjay_passportfront.pdf', NULL, '2026-03-05 19:02:41'),
(335, 131, 134, 5, '/fetch_file.php?path=2026%2F03%2F05%2FOrder_131%2Fapplicant_1%2FAjay_passportback.pdf', NULL, '2026-03-05 19:02:41');

-- --------------------------------------------------------

--
-- Table structure for table `countries`
--

CREATE TABLE `countries` (
  `id` int(11) NOT NULL,
  `country_code` varchar(10) NOT NULL,
  `country_name` varchar(100) NOT NULL,
  `is_active` tinyint(1) DEFAULT 1,
  `created_at` timestamp NULL DEFAULT current_timestamp()
) ENGINE=InnoDB DEFAULT CHARSET=utf8mb4 COLLATE=utf8mb4_unicode_ci;

--
-- Dumping data for table `countries`
--

INSERT INTO `countries` (`id`, `country_code`, `country_name`, `is_active`, `created_at`) VALUES
(1, 'TH', 'Thailand', 1, '2026-01-13 09:24:30');

-- --------------------------------------------------------

--
-- Table structure for table `country_questions`
--

CREATE TABLE `country_questions` (
  `id` int(11) NOT NULL,
  `country_id` int(11) NOT NULL,
  `label` varchar(255) NOT NULL,
  `field_key` varchar(100) NOT NULL,
  `field_type` enum('text','date','number','select','file') NOT NULL,
  `is_required` tinyint(1) DEFAULT 1,
  `validation_rules` longtext CHARACTER SET utf8mb4 COLLATE utf8mb4_bin DEFAULT NULL CHECK (json_valid(`validation_rules`)),
  `sort_order` int(11) DEFAULT 0,
  `created_at` timestamp NULL DEFAULT current_timestamp(),
  `is_active` tinyint(1) DEFAULT 1
) ENGINE=InnoDB DEFAULT CHARSET=utf8mb4 COLLATE=utf8mb4_unicode_ci;

--
-- Dumping data for table `country_questions`
--

INSERT INTO `country_questions` (`id`, `country_id`, `label`, `field_key`, `field_type`, `is_required`, `validation_rules`, `sort_order`, `created_at`, `is_active`) VALUES
(1, 1, 'First Name: Your given name (e.g., RAHUL)', 'first_name', 'text', 1, '{\"required\":true,\"regex\":\"^[a-zA-Z\\\\s\\\\\'-]*$\"}', 2, '2026-01-13 09:24:30', 1),
(2, 1, 'Family Name: Your passport surname (e.g., PATEL)', 'last_name', 'text', 1, '{\"required\":true,\"regex\":\"^[a-zA-Z\\\\s\\\\\'-]*$\"}', 1, '2026-01-13 09:24:30', 1),
(3, 1, 'Passport No.: Your passport number (e.g., T1234567)', 'passport_number', 'text', 1, '{\"required\":true,\"regex\":\"^[A-Z0-9]*$\"}', 4, '2026-01-13 09:24:30', 1),
(4, 1, 'Passport Front Image', 'passport_front', 'file', 1, '{\r\n  \"required\": true,\r\n  \"file_types\": [\"image/jpeg\", \"image/png\", \"image/jpg\", \"application/pdf\"],\r\n  \"max_size\": 5242880\r\n}', 4, '2026-01-13 09:24:30', 0),
(5, 1, 'Passport Back Image', 'passport_back', 'file', 1, '{\r\n  \"required\": true,\r\n  \"file_types\": [\"image/jpeg\", \"image/png\", \"image/jpg\", \"application/pdf\"],\r\n  \"max_size\": 5242880\r\n}', 5, '2026-01-13 09:24:30', 0),
(6, 1, 'Passport Issuing Country', 'passport_country', 'text', 1, '{\r\n  \"required\": true,\r\n  \"min_length\": 2,\r\n  \"max_length\": 100\r\n}', 6, '2026-01-13 09:24:30', 0),
(7, 1, 'Passport Issue Date', 'passport_issue_date', 'date', 1, '{\n  \"required\": true,\n  \"date_format\": \"DD-MM-YYYY\",\n  \"max_date\": \"TODAY\"\n}', 7, '2026-01-13 09:24:30', 0),
(8, 1, 'Passport Expiry Date', 'passport_expiry_date', 'date', 1, '{\r\n  \"required\": true,\r\n  \"date_format\": \"DD-MM-YYYY\",\r\n  \"min_date\": \"TODAY\",\r\n  \"min_validity_days\": 180\r\n}', 8, '2026-01-13 09:24:30', 0),
(9, 1, 'Place of Birth', 'place_of_birth', 'text', 1, '{\r\n  \"required\": true,\r\n  \"min_length\": 2,\r\n  \"max_length\": 100\r\n}', 9, '2026-01-13 09:24:30', 0),
(10, 1, 'Date of Birth: YYYY/MM/DD (e.g., 1998/07/21)', 'date_of_birth', 'date', 1, '{\"required\":true,\"date_format\":\"YYYY/MM/DD\",\"max_date\":\"TODAY\"}', 5, '2026-01-13 09:24:30', 1),
(11, 1, 'Gender', 'gender', 'select', 1, '{\"required\":true}', 7, '2026-01-13 09:24:30', 1),
(12, 1, 'Flight No./Vehicle No.: Your flight number (e.g., AI302, 6E1053)', 'arrival_flight', 'text', 1, '{\"required\":true,\"regex\":\"^[a-zA-Z0-9]*$\"}', 10, '2026-01-13 09:24:30', 1),
(13, 1, 'Date of Arrival: Your Thailand landing date (YYYY/MM/DD)', 'arrival_date', 'date', 1, '{\"required\":true,\"date_format\":\"YYYY/MM/DD\",\"min_date\":\"TODAY\"}', 9, '2026-01-13 09:24:30', 1),
(14, 1, 'Address: Full hotel address or hotel name', 'hotel_name', 'text', 1, '{\"required\":true}', 17, '2026-01-13 09:24:30', 1),
(15, 1, 'Hotel City', 'hotel_city', 'text', 1, '{\r\n  \"required\": true,\r\n  \"min_length\": 2,\r\n  \"max_length\": 100\r\n}', 15, '2026-01-13 09:24:30', 0),
(16, 1, 'Middle Name: Your middle name if in passport, otherwise leave blank', 'middle_name', 'text', 0, '{\"regex\":\"^[a-zA-Z\\\\s\\\\\'-]*$\"}', 3, '2026-03-10 10:35:49', 1),
(17, 1, 'Occupation', 'occupation', 'select', 1, '{\"required\":true}', 6, '2026-03-10 10:35:49', 1),
(18, 1, 'State of Residence: Your state (e.g., Gujarat)', 'state_of_residence', 'text', 1, '{\"required\":true}', 8, '2026-03-10 10:35:49', 1),
(19, 1, 'Date of Departure: Your return flight date from Thailand (YYYY/MM/DD)', 'departure_date', 'date', 1, '{\"required\":true,\"date_format\":\"YYYY/MM/DD\",\"min_date\":\"TODAY\"}', 11, '2026-03-10 10:35:49', 1),
(20, 1, 'Return Flight No./Vehicle No.: (if known, otherwise leave blank)', 'departure_flight', 'text', 0, '{\"regex\":\"^[a-zA-Z0-9]*$\"}', 12, '2026-03-10 10:35:49', 1),
(21, 1, 'Type of Accommodation in Thailand', 'accommodation_type', 'select', 1, '{\"required\":true}', 13, '2026-03-10 10:35:49', 1),
(22, 1, 'Province: Province where hotel is (e.g., Bangkok, Phuket, Chon Buri)', 'hotel_province', 'text', 1, '{\"required\":true}', 14, '2026-03-10 10:35:49', 1),
(23, 1, 'District/Area: District of hotel location', 'hotel_district', 'text', 1, '{\"required\":true}', 15, '2026-03-10 10:35:49', 1),
(24, 1, 'Sub-District/Sub-Area: Sub area of hotel location', 'hotel_sub_district', 'text', 1, '{\"required\":true}', 16, '2026-03-10 10:35:49', 1);

-- --------------------------------------------------------

--
-- Table structure for table `payments`
--

CREATE TABLE `payments` (
  `id` bigint(20) NOT NULL,
  `order_id` bigint(20) NOT NULL,
  `provider` varchar(50) DEFAULT NULL,
  `provider_payment_id` varchar(255) DEFAULT NULL,
  `amount` decimal(10,2) DEFAULT NULL,
  `currency` varchar(10) DEFAULT NULL,
  `status` enum('pending','success','failed','refunded') DEFAULT 'pending',
  `created_at` timestamp NULL DEFAULT current_timestamp()
) ENGINE=InnoDB DEFAULT CHARSET=utf8mb4 COLLATE=utf8mb4_unicode_ci;

--
-- Dumping data for table `payments`
--

INSERT INTO `payments` (`id`, `order_id`, `provider`, `provider_payment_id`, `amount`, `currency`, `status`, `created_at`) VALUES
(1, 1, 'razorpay', 'pay_123456789', 2500.00, 'INR', 'success', '2026-01-13 09:24:30'),
(2, 2, 'razorpay', 'pay_987654321', 5000.00, 'INR', 'success', '2026-01-13 09:24:30'),
(3, 54, 'online', 'PAY_697B45EA67961', 100.00, 'USD', 'success', '2026-01-29 11:35:06'),
(4, 55, 'online', 'PAY_697C4F0FBD44F', 100.00, 'USD', 'success', '2026-01-30 06:26:23'),
(5, 56, 'online', 'PAY_697C55EBC019A', 100.00, 'USD', 'success', '2026-01-30 06:55:39'),
(6, 57, 'demo', 'DEMO_697C5FB24CE91', 100.00, 'USD', 'success', '2026-01-30 07:37:22'),
(7, 58, 'demo', 'DEMO_697C60EF2D59E', 100.00, 'USD', 'success', '2026-01-30 07:42:39'),
(8, 59, 'razorpay', 'order_SA5neSt44oiHHA', 100.00, 'INR', 'pending', '2026-01-30 12:37:32'),
(10, 61, 'razorpay', 'order_SASQQISt58ldP3', 100.00, 'INR', 'pending', '2026-01-31 10:45:30'),
(11, 62, 'razorpay', 'order_SBAhZXid1dYJgR', 100.00, 'INR', 'pending', '2026-02-02 06:04:15'),
(13, 63, 'online', 'PAY_698040C96680D', 100.00, 'USD', 'success', '2026-02-02 06:14:33'),
(14, 64, 'razorpay', 'order_SBB2iMS5mnPRIJ', 100.00, 'INR', 'pending', '2026-02-02 06:24:16'),
(16, 65, 'razorpay', 'order_SBBQBR71yGTe1p', 100.00, 'INR', 'pending', '2026-02-02 06:46:29'),
(17, 65, 'razorpay', 'pay_SBBQLnPX5Akjm2', 100.00, 'INR', 'success', '2026-02-02 06:46:56'),
(18, 66, 'razorpay', 'order_SBBstwKmbdXkXp', 100.00, 'INR', 'pending', '2026-02-02 07:13:40'),
(19, 66, 'razorpay', 'pay_SBBucwSpVasNsj', 100.00, 'INR', 'success', '2026-02-02 07:15:38'),
(20, 67, 'razorpay', 'order_SBCA5aTBNdvWMf', 100.00, 'INR', 'pending', '2026-02-02 07:29:57'),
(21, 67, 'razorpay', 'pay_SBCAFUCvbXACOF', 100.00, 'INR', 'success', '2026-02-02 07:30:25'),
(22, 68, 'razorpay', 'order_SBCYrxrVsADEAT', 100.00, 'INR', 'pending', '2026-02-02 07:53:24'),
(23, 68, 'razorpay', 'pay_SBCZ4oUAQ8sHSt', 100.00, 'INR', 'success', '2026-02-02 07:53:55'),
(24, 69, 'razorpay', 'order_SBCbHGufZzLuRR', 100.00, 'INR', 'pending', '2026-02-02 07:55:41'),
(25, 70, 'razorpay', 'order_SBCbIIvIxx2mKU', 100.00, 'INR', 'pending', '2026-02-02 07:55:42'),
(26, 70, 'razorpay', 'pay_SBCbSL9N3viqnF', 100.00, 'INR', 'success', '2026-02-02 07:56:09'),
(27, 71, 'razorpay', 'order_SBCwFpK2rP3dUM', 100.00, 'INR', 'pending', '2026-02-02 08:15:32'),
(28, 71, 'razorpay', 'pay_SBCwQ3SMAyQXv8', 100.00, 'INR', 'success', '2026-02-02 08:16:00'),
(29, 72, 'razorpay', 'order_SBE6l5vt8aTHN4', 100.00, 'INR', 'pending', '2026-02-02 09:24:11'),
(30, 72, 'razorpay', 'pay_SBE6ykSXmkdHQT', 100.00, 'INR', 'success', '2026-02-02 09:24:41'),
(31, 73, 'razorpay', 'order_SBEhbZHTwpS3c1', 100.00, 'INR', 'pending', '2026-02-02 09:59:03'),
(32, 73, 'razorpay', 'pay_SBEhoyN2GB2Xd2', 100.00, 'INR', 'success', '2026-02-02 09:59:33'),
(33, 74, 'razorpay', 'order_SBFH5ORDiyjnj2', 100.00, 'INR', 'pending', '2026-02-02 10:32:39'),
(34, 74, 'razorpay', 'pay_SBFHFxohC32rlD', 100.00, 'INR', 'success', '2026-02-02 10:33:07'),
(35, 75, 'razorpay', 'order_SBFko6PEUgOGD8', 100.00, 'INR', 'pending', '2026-02-02 11:00:47'),
(36, 75, 'razorpay', 'pay_SBFkzE9YcQWojp', 100.00, 'INR', 'success', '2026-02-02 11:01:19'),
(37, 76, 'razorpay', 'order_SBGBcnbu5Ry2uB', 100.00, 'INR', 'pending', '2026-02-02 11:26:10'),
(38, 76, 'razorpay', 'pay_SBGClJSMht9p1d', 100.00, 'INR', 'success', '2026-02-02 11:27:34'),
(39, 77, 'razorpay', 'order_SBGOcvBJbwqvy5', 100.00, 'INR', 'pending', '2026-02-02 11:38:29'),
(40, 78, 'razorpay', 'order_SBGOe1vmiFGgZN', 100.00, 'INR', 'pending', '2026-02-02 11:38:30'),
(41, 78, 'razorpay', 'pay_SBGOqQ1131UKXB', 100.00, 'INR', 'success', '2026-02-02 11:39:01'),
(42, 79, 'razorpay', 'order_SBZ1SszBZ29KuM', 100.00, 'INR', 'pending', '2026-02-03 05:51:44'),
(43, 79, 'razorpay', 'pay_SBZ1ejCgpFzn3e', 100.00, 'INR', 'success', '2026-02-03 05:52:16'),
(44, 80, 'razorpay', 'order_SBbc9Bd7wx7zEN', 100.00, 'INR', 'pending', '2026-02-03 08:23:51'),
(45, 80, 'razorpay', 'pay_SBbcQx4OFcgQdK', 100.00, 'INR', 'success', '2026-02-03 08:24:30'),
(46, 81, 'razorpay', 'pay_SBcj2nfkUeNBpI', 100.00, 'INR', 'success', '2026-02-03 09:29:24'),
(47, 82, 'razorpay', 'pay_SBcvkB0jH7yLVb', 100.00, 'INR', 'success', '2026-02-03 09:41:23'),
(48, 83, 'razorpay', 'pay_SBdNdQeBTXqcUK', 100.00, 'INR', 'success', '2026-02-03 10:07:47'),
(49, 84, 'razorpay', 'pay_SBdTOUS5qyZzxx', 100.00, 'INR', 'success', '2026-02-03 10:13:22'),
(50, 85, 'razorpay', 'pay_SBe0AOGSbRRlg8', 100.00, 'INR', 'success', '2026-02-03 10:44:16'),
(51, 86, 'razorpay', 'pay_SBe388uBVocXpY', 100.00, 'INR', 'success', '2026-02-03 10:47:02'),
(52, 87, 'razorpay', 'pay_SBgkTwMXtLYl2t', 100.00, 'INR', 'success', '2026-02-03 13:25:33'),
(53, 88, 'razorpay', 'pay_SBxWaTzkyBS0oq', 100.00, 'INR', 'success', '2026-02-04 05:50:17'),
(54, 89, 'razorpay', 'pay_SByMLuWB4s8lqi', 100.00, 'INR', 'success', '2026-02-04 06:39:13'),
(55, 91, 'razorpay', 'pay_SC2yQDj5GlgAkH', 8300.00, 'INR', '', '2026-02-04 11:09:55'),
(57, 92, 'razorpay', 'pay_SCNJNXh7dSfO9S', 100.00, 'INR', 'success', '2026-02-05 07:03:38'),
(59, 93, 'razorpay', 'pay_SCRfBzbB3Osekp', 100.00, 'INR', 'success', '2026-02-05 11:19:05'),
(60, 94, 'razorpay', 'order_SClzwZFCrJXAs9', 100.00, 'INR', 'pending', '2026-02-06 07:12:19'),
(61, 94, 'razorpay', 'pay_SCm0BbzjybkH07', 100.00, 'INR', 'success', '2026-02-06 07:12:48'),
(62, 95, 'razorpay', 'pay_SCm1BEb69VpoZr', 100.00, 'INR', 'success', '2026-02-06 07:13:44'),
(63, 96, 'razorpay', 'pay_SDxH3MP75esKJm', 100.00, 'INR', 'success', '2026-02-09 06:53:32'),
(66, 100, 'razorpay', 'pay_SHytMB2wPHAusu', 100.00, 'INR', 'success', '2026-02-19 11:04:24'),
(67, 101, 'razorpay', 'pay_SJTv2jpJTrRpFt', 2500.00, 'INR', 'success', '2026-02-23 06:04:36'),
(68, 102, 'razorpay', 'pay_SJZ5rBbbmUZJNm', 2500.00, 'INR', 'success', '2026-02-23 11:08:20'),
(69, 103, 'razorpay', 'pay_SJZJZQKsOl60kq', 2500.00, 'INR', 'success', '2026-02-23 11:21:11'),
(70, 104, 'razorpay', 'pay_SJdlY4uz5AjVAd', 100.00, 'INR', 'success', '2026-02-23 15:42:27'),
(71, 105, 'razorpay', 'pay_SJtQPQVTYKYGbR', 2500.00, 'INR', 'success', '2026-02-24 07:01:55'),
(72, 106, 'razorpay', 'pay_SJthVEANLAjIXq', 100.00, 'INR', 'success', '2026-02-24 07:17:44'),
(73, 107, 'razorpay', 'pay_SJvRDl0iwVzM8l', 2500.00, 'INR', 'success', '2026-02-24 08:59:48'),
(74, 108, 'razorpay', 'pay_SJwd9vkuRo0Q8L', 100.00, 'INR', 'success', '2026-02-24 10:09:41'),
(75, 109, 'razorpay', 'pay_SJxqJslNf0d0bK', 100.00, 'INR', 'success', '2026-02-24 11:20:58'),
(76, 110, 'razorpay', 'pay_SKIWMe4XUTSWLZ', 100.00, 'INR', 'success', '2026-02-25 07:34:31'),
(77, 111, 'razorpay', 'pay_SKIrErgn4VM1iK', 100.00, 'INR', 'success', '2026-02-25 07:54:19'),
(78, 112, 'razorpay', 'pay_SKJ28P29ILPtl7', 100.00, 'INR', 'success', '2026-02-25 08:04:35'),
(79, 113, 'razorpay', 'pay_SKJWvguyJs768N', 100.00, 'INR', 'success', '2026-02-25 08:33:56'),
(80, 114, 'razorpay', 'pay_SKJxNTfhRazh6B', 100.00, 'INR', 'success', '2026-02-25 08:58:45'),
(81, 115, 'razorpay', 'pay_SKKU7tGGepqCJ5', 100.00, 'INR', 'success', '2026-02-25 09:29:44'),
(82, 116, 'razorpay', 'pay_SKMIBGGDqIFIA8', 100.00, 'INR', 'success', '2026-02-25 11:15:52'),
(83, 117, 'razorpay', 'pay_SKgdWkDckiSRRQ', 100.00, 'INR', 'success', '2026-02-26 07:09:53'),
(84, 118, 'razorpay', 'pay_SKgjkoa8VmnQBN', 1.00, 'INR', 'success', '2026-02-26 07:15:47'),
(85, 119, 'razorpay', 'pay_SKgux4Uv5B8XFE', 1.00, 'INR', 'success', '2026-02-26 07:26:29'),
(86, 120, 'razorpay', 'pay_SKh0rGwZ0rYDEU', 1.00, 'INR', 'success', '2026-02-26 07:32:01'),
(87, 121, 'razorpay', 'pay_SKhRnMC1JveVsB', 1.00, 'INR', 'success', '2026-02-26 07:57:33'),
(88, 122, 'razorpay', 'pay_SKhf5LnrCOzjRC', 2500.00, 'INR', 'success', '2026-02-26 08:10:06'),
(89, 123, 'razorpay', 'pay_SKho31mV8ecJC5', 2500.00, 'INR', 'success', '2026-02-26 08:18:43'),
(90, 124, 'razorpay', 'pay_SKieCB12tUWwZI', 1.00, 'INR', 'success', '2026-02-26 09:08:02'),
(91, 125, 'razorpay', 'pay_SKj2mucZj3yRGI', 1.00, 'INR', 'success', '2026-02-26 09:31:15'),
(92, 126, 'razorpay', 'pay_SKjIOVc8VWHCYn', 1.00, 'INR', 'success', '2026-02-26 09:46:02'),
(93, 127, 'razorpay', 'pay_SKjLpyXW81wwz4', 1.00, 'INR', 'success', '2026-02-26 09:49:16'),
(94, 128, 'razorpay', 'pay_SKjvEWWRHWnJTS', 1.00, 'INR', 'success', '2026-02-26 10:22:49'),
(95, 129, 'razorpay', 'pay_SKkAQfy552tBFY', 2500.00, 'INR', 'success', '2026-02-26 10:37:07'),
(96, 130, 'razorpay', 'pay_SL46lMDBdr8yA6', 100.00, 'INR', 'success', '2026-02-27 06:07:34'),
(97, 131, 'razorpay', 'pay_SNeW7PCAP9WrCK', 100.00, 'INR', 'success', '2026-03-05 19:02:41'),
(98, 132, 'razorpay', 'pay_SPUfUxc6gXXHkp', 100.00, 'INR', 'success', '2026-03-10 10:42:35'),
(99, 133, 'razorpay', 'pay_SQH0SJ1oGO5wNF', 100.00, 'INR', 'success', '2026-03-12 09:59:37'),
(100, 134, 'razorpay', 'pay_SQexQmA9ZKEq5P', 100.00, 'INR', 'success', '2026-03-13 09:25:24'),
(101, 135, 'razorpay', 'pay_SSafHrzHTQTEDZ', 100.00, 'INR', 'success', '2026-03-18 06:31:29'),
(102, 136, 'razorpay', 'pay_SXnU6p8MKvwow1', 100.00, 'INR', 'success', '2026-03-31 10:18:59');

-- --------------------------------------------------------

--
-- Table structure for table `question_options`
--

CREATE TABLE `question_options` (
  `id` int(11) NOT NULL,
  `question_id` int(11) NOT NULL,
  `option_value` varchar(100) NOT NULL,
  `option_label` varchar(100) NOT NULL,
  `sort_order` int(11) DEFAULT 0
) ENGINE=InnoDB DEFAULT CHARSET=utf8mb4 COLLATE=utf8mb4_unicode_ci;

--
-- Dumping data for table `question_options`
--

INSERT INTO `question_options` (`id`, `question_id`, `option_value`, `option_label`, `sort_order`) VALUES
(14, 17, 'employee', 'Employee', 1),
(15, 17, 'student', 'Student', 2),
(16, 17, 'business', 'Business', 3),
(17, 17, 'self_employed', 'Self-Employed', 4),
(18, 11, 'male', 'Male', 1),
(19, 11, 'female', 'Female', 2),
(20, 21, 'hotel', 'Hotel', 1),
(21, 21, 'resort', 'Resort', 2),
(22, 21, 'hostel', 'Hostel', 3),
(23, 21, 'apartment', 'Apartment', 4);

-- --------------------------------------------------------

--
-- Table structure for table `visa_orders`
--

CREATE TABLE `visa_orders` (
  `id` bigint(20) NOT NULL,
  `country_id` int(11) NOT NULL,
  `visa_type_id` int(11) DEFAULT NULL,
  `visa_type` varchar(255) DEFAULT NULL,
  `processing_time` varchar(255) DEFAULT NULL,
  `email` varchar(255) NOT NULL,
  `phone` varchar(20) DEFAULT NULL,
  `total_amount` decimal(10,2) DEFAULT NULL,
  `currency` varchar(10) DEFAULT NULL,
  `payment_status` enum('pending','paid','failed') DEFAULT 'pending',
  `visa_status` enum('initiated','in_review','approved','rejected') DEFAULT 'initiated',
  `created_at` timestamp NULL DEFAULT current_timestamp(),
  `updated_at` timestamp NULL DEFAULT current_timestamp() ON UPDATE current_timestamp()
) ENGINE=InnoDB DEFAULT CHARSET=utf8mb4 COLLATE=utf8mb4_unicode_ci;

--
-- Dumping data for table `visa_orders`
--

INSERT INTO `visa_orders` (`id`, `country_id`, `visa_type_id`, `visa_type`, `processing_time`, `email`, `phone`, `total_amount`, `currency`, `payment_status`, `visa_status`, `created_at`, `updated_at`) VALUES
(1, 1, NULL, NULL, NULL, 'rahul.sharma@example.com', '+91-9876543210', 2500.00, 'INR', 'paid', 'initiated', '2026-01-13 09:24:30', '2026-01-16 06:38:53'),
(2, 1, NULL, NULL, NULL, 'group.booking@example.com', '+91-9876543211', 5000.00, 'INR', 'paid', 'initiated', '2026-01-13 09:24:30', '2026-01-16 06:59:25'),
(3, 1, NULL, NULL, NULL, 'abc@gmail.com', 'qwdqw', NULL, NULL, 'pending', 'initiated', '2026-01-16 10:34:36', '2026-01-16 10:34:36'),
(4, 1, NULL, NULL, NULL, 'gac@email.com', '+91 9741234569', NULL, NULL, 'pending', 'initiated', '2026-01-16 11:16:51', '2026-01-16 11:16:51'),
(5, 1, NULL, NULL, NULL, 'gadams@email.com', '+91 1234567890', NULL, NULL, 'pending', 'initiated', '2026-01-19 06:16:58', '2026-01-19 06:16:58'),
(7, 1, NULL, NULL, NULL, 'jadams@email.com', '+91 1234567890', NULL, NULL, 'pending', 'initiated', '2026-01-19 07:07:16', '2026-01-19 07:07:16'),
(8, 1, NULL, NULL, NULL, 'jmama@email.com', '+91 9876543210', NULL, NULL, 'pending', 'initiated', '2026-01-19 08:26:21', '2026-01-19 08:26:21'),
(9, 1, NULL, NULL, NULL, 'Hjane@email.com', 'Hjane@email.com', NULL, NULL, 'pending', 'initiated', '2026-01-19 08:42:33', '2026-01-19 08:42:33'),
(10, 1, NULL, NULL, NULL, 'order@testmail.com', '8888888888', NULL, NULL, 'pending', 'initiated', '2026-01-19 10:04:20', '2026-01-19 10:04:20'),
(11, 1, NULL, NULL, NULL, 'ankit.verma76@mailtest.com', '9550597135', NULL, NULL, 'paid', 'initiated', '2026-01-19 10:10:30', '2026-02-10 11:07:22'),
(12, 1, NULL, NULL, NULL, 'qedeq', 'dqqw', NULL, NULL, 'pending', 'initiated', '2026-01-20 07:42:41', '2026-01-20 07:42:41'),
(14, 1, NULL, NULL, NULL, 'd', 'qwd', NULL, NULL, 'pending', 'initiated', '2026-01-20 09:27:56', '2026-01-20 09:27:56'),
(15, 1, NULL, NULL, NULL, 'qe', 'qe', NULL, NULL, 'pending', 'initiated', '2026-01-20 09:48:38', '2026-01-20 09:48:38'),
(16, 1, NULL, NULL, NULL, '35465346345', '6546354', NULL, NULL, 'pending', 'initiated', '2026-01-20 10:02:04', '2026-01-20 10:02:04'),
(17, 1, NULL, NULL, NULL, 'd', 'wq', NULL, NULL, 'pending', 'initiated', '2026-01-20 11:15:52', '2026-01-20 11:15:52'),
(18, 1, NULL, NULL, NULL, 'FDWEF3RGF', 'GF', NULL, NULL, 'pending', 'initiated', '2026-01-20 16:35:05', '2026-01-20 16:35:05'),
(19, 1, NULL, NULL, NULL, '6563463321', '236354653463', NULL, NULL, 'pending', 'initiated', '2026-01-21 06:36:47', '2026-01-21 06:36:47'),
(21, 1, NULL, NULL, NULL, 'gadams@email.com', '+91 0987654321', NULL, NULL, 'pending', 'initiated', '2026-01-21 08:06:27', '2026-01-21 08:06:27'),
(22, 1, NULL, NULL, NULL, 'gfresh@email.com', '+91 9873450923', NULL, NULL, 'paid', 'initiated', '2026-01-21 09:26:00', '2026-01-21 09:27:41'),
(23, 1, NULL, NULL, NULL, 'dqwfd', 'qwfqe', NULL, NULL, 'pending', 'initiated', '2026-01-21 13:13:54', '2026-01-21 13:13:54'),
(24, 1, NULL, NULL, NULL, 'abcde@gmail.com4', '113561463436', NULL, NULL, 'pending', 'initiated', '2026-01-22 07:32:07', '2026-01-22 07:32:07'),
(25, 1, NULL, NULL, NULL, 'abcde@gmail.com', '356652345326', NULL, NULL, 'pending', 'initiated', '2026-01-22 07:52:28', '2026-01-22 07:52:28'),
(26, 1, NULL, NULL, NULL, 'abcd@gmail.com', '1456444336', NULL, NULL, 'pending', 'initiated', '2026-01-22 08:23:22', '2026-01-22 08:23:22'),
(27, 1, NULL, NULL, NULL, 'abc@gmail.com', '4643463431', NULL, NULL, 'pending', 'initiated', '2026-01-22 09:02:39', '2026-01-22 09:02:39'),
(28, 1, NULL, NULL, NULL, 'abcde@gmail.com', '+91 6546546354', NULL, NULL, 'pending', 'initiated', '2026-01-22 09:39:14', '2026-01-22 09:39:14'),
(29, 1, NULL, NULL, NULL, 'gajsdhf@kljsadn.com', '0986543211', NULL, NULL, 'pending', 'initiated', '2026-01-22 10:27:09', '2026-01-22 10:27:09'),
(30, 1, NULL, NULL, NULL, 'Tjames@email.com', '0987654321', NULL, NULL, 'pending', 'initiated', '2026-01-22 10:33:59', '2026-01-22 10:33:59'),
(31, 1, NULL, NULL, NULL, 'abcde@gmail.com', '65314365463', NULL, NULL, 'pending', 'initiated', '2026-01-22 15:59:01', '2026-01-22 15:59:01'),
(32, 1, NULL, NULL, NULL, 'Jhead@email.com', '0987654321', NULL, NULL, 'pending', 'initiated', '2026-01-23 07:55:56', '2026-01-23 07:55:56'),
(33, 1, NULL, NULL, NULL, 'jshin@email.com', '1234567890', NULL, NULL, 'pending', 'initiated', '2026-01-23 10:09:19', '2026-01-23 10:09:19'),
(34, 1, NULL, NULL, NULL, 'kc@email.com', '1234567890', NULL, NULL, 'pending', 'initiated', '2026-01-23 10:37:05', '2026-01-23 10:37:05'),
(35, 1, NULL, NULL, NULL, 'abcdemilan@gmail.com', '1234567890', NULL, NULL, 'pending', 'initiated', '2026-01-23 10:42:20', '2026-01-23 10:42:20'),
(36, 1, NULL, NULL, NULL, 'abc@gmail.com', '4785621458', NULL, NULL, 'pending', 'initiated', '2026-01-23 11:12:29', '2026-01-23 11:12:29'),
(37, 1, NULL, NULL, NULL, 'jmorris@email.com', '0987654321', NULL, NULL, 'pending', 'initiated', '2026-01-27 06:20:46', '2026-01-27 06:20:46'),
(38, 1, NULL, NULL, NULL, 'fmay@email.com', '1234567890', NULL, NULL, 'pending', 'initiated', '2026-01-27 08:26:03', '2026-01-27 08:26:03'),
(39, 1, NULL, NULL, NULL, 'jhay@email.com', '1234567890', NULL, NULL, 'pending', 'initiated', '2026-01-27 09:09:37', '2026-01-27 09:09:37'),
(40, 1, NULL, NULL, NULL, 'gcurls@email.com', '0987654321', NULL, NULL, 'pending', 'initiated', '2026-01-27 09:42:35', '2026-01-27 09:42:35'),
(41, 1, NULL, NULL, NULL, 'aavibhu@gmail.com', '6359584495', NULL, NULL, 'paid', 'initiated', '2026-01-27 10:59:39', '2026-01-27 11:01:50'),
(42, 1, NULL, NULL, NULL, 'dktm@email.com', '0987654321', NULL, NULL, 'pending', 'initiated', '2026-01-28 06:12:27', '2026-01-28 06:12:27'),
(43, 1, NULL, NULL, NULL, 'fkruger@email.com', '6666666666', NULL, NULL, 'pending', 'initiated', '2026-01-28 06:52:44', '2026-01-28 06:52:44'),
(44, 1, NULL, NULL, NULL, 'jrenner@email.com', '1234567890', NULL, NULL, 'pending', 'initiated', '2026-01-28 07:17:53', '2026-01-28 07:17:53'),
(45, 1, NULL, NULL, NULL, 'Raval@gmail.com', '9876543210', NULL, NULL, 'pending', 'initiated', '2026-01-28 07:40:41', '2026-01-28 07:40:41'),
(46, 1, NULL, NULL, NULL, 'rhell@email.com', '1234567890', NULL, NULL, 'pending', 'initiated', '2026-01-28 07:57:22', '2026-01-28 07:57:22'),
(47, 1, NULL, NULL, NULL, 'jenhead@email.com', '0987654321', NULL, NULL, 'pending', 'initiated', '2026-01-28 09:04:23', '2026-01-28 09:04:23'),
(48, 1, NULL, NULL, NULL, 'gtems@email.com', '0987654321', NULL, NULL, 'pending', 'initiated', '2026-01-28 09:51:41', '2026-01-28 09:51:41'),
(49, 1, NULL, NULL, NULL, 'fmonster@email.com', '0987654321', NULL, NULL, 'pending', 'initiated', '2026-01-28 10:20:59', '2026-01-28 10:20:59'),
(50, 1, NULL, NULL, NULL, 'tidiot@email.com', '1234567890', NULL, NULL, 'pending', 'initiated', '2026-01-28 10:35:52', '2026-01-28 10:35:52'),
(51, 1, NULL, NULL, NULL, '2wdxjeb@gmail.com', '789632454', NULL, NULL, 'pending', 'initiated', '2026-01-29 06:34:37', '2026-01-29 06:34:37'),
(52, 1, NULL, NULL, NULL, 'yhim@email.com', '0987654321', NULL, NULL, 'pending', 'initiated', '2026-01-29 07:48:16', '2026-01-29 07:48:16'),
(53, 1, NULL, NULL, NULL, '789@gmail.com', '7963215955', NULL, NULL, 'pending', 'initiated', '2026-01-29 08:37:07', '2026-01-29 08:37:07'),
(54, 1, NULL, NULL, NULL, 'abc@gmail.com', '896554878', 100.00, 'USD', 'paid', 'initiated', '2026-01-29 11:35:06', '2026-01-29 11:35:06'),
(55, 1, NULL, NULL, NULL, 'ab@gmail.com', '789954321', 100.00, 'USD', 'paid', 'initiated', '2026-01-30 06:26:23', '2026-01-30 06:26:23'),
(56, 1, NULL, NULL, NULL, 'milan2@gmail.com', '7895425963', 100.00, 'USD', 'paid', 'initiated', '2026-01-30 06:55:39', '2026-01-30 06:55:39'),
(57, 1, NULL, NULL, NULL, 'abcv@gmail.com', '798456212', 100.00, 'USD', 'paid', 'initiated', '2026-01-30 07:37:09', '2026-01-30 07:37:22'),
(58, 1, NULL, NULL, NULL, '89@gmail.com', '865236964', 100.00, 'USD', 'paid', 'initiated', '2026-01-30 07:42:32', '2026-01-30 07:42:39'),
(59, 1, NULL, NULL, NULL, 'sdf@m.com', '7896324544', 100.00, 'INR', 'pending', 'initiated', '2026-01-30 12:37:31', '2026-01-30 12:37:31'),
(60, 1, NULL, NULL, NULL, 'palak@gmail.com', '12567890', NULL, NULL, 'pending', 'initiated', '2026-01-31 06:39:25', '2026-01-31 11:33:21'),
(61, 1, NULL, NULL, NULL, 'dv@lsif.com', '1234567890', 100.00, 'INR', 'pending', 'initiated', '2026-01-31 10:45:28', '2026-01-31 10:45:28'),
(62, 1, NULL, NULL, NULL, 'jmac@email.com', '1234567890', 100.00, 'INR', 'pending', 'initiated', '2026-02-02 06:04:14', '2026-02-02 06:04:14'),
(63, 1, NULL, NULL, NULL, 'ft@email.com', '1234567890', 100.00, 'USD', 'paid', 'initiated', '2026-02-02 06:14:33', '2026-02-02 06:14:33'),
(64, 1, NULL, NULL, NULL, 'AD@n.vom', '7896523586', 100.00, 'INR', 'pending', 'initiated', '2026-02-02 06:24:15', '2026-02-02 06:24:15'),
(65, 1, NULL, NULL, NULL, 'AS@gmail.com', '478963245', 100.00, 'INR', 'paid', 'initiated', '2026-02-02 06:46:28', '2026-02-02 06:46:56'),
(66, 1, NULL, NULL, NULL, 'sdf@er.com', '1234567890', 100.00, 'INR', 'paid', '', '2026-02-02 07:13:39', '2026-02-02 07:15:38'),
(67, 1, NULL, NULL, NULL, 'ac@gmail.com', '7896512365', 100.00, 'INR', 'paid', '', '2026-02-02 07:29:56', '2026-02-02 07:30:25'),
(68, 1, NULL, NULL, NULL, 'dde@sadf.com', '1234567890', 100.00, 'INR', 'paid', '', '2026-02-02 07:53:22', '2026-02-02 07:53:56'),
(69, 1, NULL, NULL, NULL, 'df@gmail.com', '7895432145', 100.00, 'INR', 'pending', 'initiated', '2026-02-02 07:55:40', '2026-02-02 07:55:40'),
(70, 1, NULL, NULL, NULL, 'df@gmail.com', '7895432145', 100.00, 'INR', 'paid', '', '2026-02-02 07:55:41', '2026-02-02 07:56:10'),
(71, 1, NULL, NULL, NULL, 'gdf@xfs.com', '1234567890', 100.00, 'INR', 'paid', '', '2026-02-02 08:15:31', '2026-02-02 08:16:00'),
(72, 1, NULL, NULL, NULL, 'asd@gmail.com', '845878954', 100.00, 'INR', 'paid', '', '2026-02-02 09:24:09', '2026-02-02 09:24:41'),
(73, 1, NULL, NULL, NULL, 'zsdf@gmail.com', '4565845256', 100.00, 'INR', 'paid', '', '2026-02-02 09:59:02', '2026-02-02 09:59:34'),
(74, 1, NULL, NULL, NULL, 'ghj@ghj.com', '1234567890', 100.00, 'INR', 'paid', '', '2026-02-02 10:32:37', '2026-02-02 10:33:07'),
(75, 1, NULL, NULL, NULL, 'jhorn@email.com', '1234567890', 100.00, 'INR', 'paid', '', '2026-02-02 11:00:46', '2026-02-02 11:01:19'),
(76, 1, NULL, NULL, NULL, 'zxd@gmail.com', '789542325', 100.00, 'INR', 'paid', '', '2026-02-02 11:26:09', '2026-02-02 11:27:34'),
(77, 1, NULL, NULL, NULL, 'vghj@gmail.com', '7898589656', 100.00, 'INR', 'pending', 'initiated', '2026-02-02 11:38:28', '2026-02-02 11:38:28'),
(78, 1, NULL, NULL, NULL, 'vghj@gmail.com', '7898589656', 100.00, 'INR', 'paid', '', '2026-02-02 11:38:29', '2026-02-02 11:39:01'),
(79, 1, NULL, NULL, NULL, 'zdee@email.com', '1234567890', 100.00, 'INR', 'paid', '', '2026-02-03 05:51:42', '2026-02-03 05:52:16'),
(80, 1, NULL, NULL, NULL, 'cdfg@gmail.com', '475123578', 100.00, 'INR', 'paid', '', '2026-02-03 08:23:49', '2026-02-03 08:24:30'),
(81, 1, NULL, NULL, NULL, 'jh@vt.com', '1234567890', 100.00, 'INR', 'paid', '', '2026-02-03 09:29:24', '2026-02-03 09:29:24'),
(82, 1, NULL, NULL, NULL, 'jblue@email.com', '1234567890', 100.00, 'INR', 'paid', '', '2026-02-03 09:41:23', '2026-02-03 09:41:23'),
(83, 1, NULL, NULL, NULL, 'oyella@email.com', '0987654321', 100.00, 'INR', 'paid', '', '2026-02-03 10:07:47', '2026-02-03 10:07:47'),
(84, 1, NULL, NULL, NULL, 'SDFGHJ@gmail.com', '7895658964', 100.00, 'INR', 'paid', '', '2026-02-03 10:13:22', '2026-02-03 10:13:22'),
(85, 1, NULL, NULL, NULL, 'ksfd@fs.com', '1234567890', 100.00, 'INR', 'paid', '', '2026-02-03 10:44:16', '2026-02-03 10:44:16'),
(86, 1, NULL, NULL, NULL, 'alkdfj@gmail.com', '1234567890', 100.00, 'INR', 'paid', '', '2026-02-03 10:47:02', '2026-02-03 10:47:02'),
(87, 1, NULL, NULL, NULL, 'sdfkl@skdjf.com', '987905235', 100.00, 'INR', 'paid', '', '2026-02-03 13:25:33', '2026-02-03 13:25:33'),
(88, 1, NULL, NULL, NULL, 'jdoe@email.com', '1234567890', 100.00, 'INR', 'paid', '', '2026-02-04 05:50:17', '2026-02-04 05:50:17'),
(89, 1, NULL, NULL, NULL, 'sd@gmail.com', '785421459', 100.00, 'INR', 'paid', '', '2026-02-04 06:39:13', '2026-02-04 06:39:13'),
(90, 1, NULL, NULL, NULL, 'sdlkfj@gmail.com', '1234567890-', 100.00, 'USD', 'pending', 'initiated', '2026-02-04 08:20:57', '2026-02-04 08:20:57'),
(91, 1, NULL, NULL, NULL, 'Primary1@gmail.com', '0987654321', 100.00, 'USD', 'paid', 'initiated', '2026-02-04 10:17:06', '2026-02-04 11:09:55'),
(92, 1, NULL, NULL, NULL, 'primary@gmail.com', '1234567890', 100.00, 'INR', 'paid', '', '2026-02-05 07:03:38', '2026-02-05 07:03:38'),
(93, 1, NULL, NULL, NULL, 'gh@gmail.com', '789536588', 100.00, 'INR', 'paid', '', '2026-02-05 11:19:05', '2026-02-05 11:19:05'),
(94, 1, NULL, NULL, NULL, 'primary@gmail.com', '1234567890', 100.00, 'INR', 'paid', '', '2026-02-06 07:12:18', '2026-02-06 07:12:48'),
(95, 1, NULL, NULL, NULL, 'applicant@gmail.com', '1234567890', 100.00, 'INR', 'paid', '', '2026-02-06 07:13:44', '2026-02-13 11:07:36'),
(96, 1, NULL, NULL, NULL, 'dfghJ!@GMAIL.COM', '78956321254', 100.00, 'INR', 'paid', '', '2026-02-09 06:53:32', '2026-02-09 06:53:32'),
(97, 1, NULL, NULL, NULL, 'Applicant@gmail.com', '1234567890', 100.00, 'USD', 'pending', 'initiated', '2026-02-13 11:11:11', '2026-02-16 08:45:00'),
(98, 1, NULL, NULL, NULL, 'ft@gmail.com', '1234567890', 100.00, 'USD', 'pending', 'initiated', '2026-02-17 11:54:25', '2026-02-17 11:54:25'),
(99, 1, NULL, NULL, NULL, 'ab@gmail.com', '123456789', 100.00, 'USD', 'pending', 'initiated', '2026-02-17 12:01:48', '2026-02-17 12:01:48'),
(100, 1, 2, 'Digital Arrival  Card', 'Standard Processing', 'xcfg@gmail.com', '78521232214', 100.00, 'INR', 'paid', 'initiated', '2026-02-19 11:04:24', '2026-02-19 11:04:24'),
(101, 1, 1, 'Tourist Visa (30 Days)', 'Standard Processing', 'dfgH@gmail.com', '78956323336', 2500.00, 'INR', 'paid', 'initiated', '2026-02-23 06:04:36', '2026-02-23 06:04:36'),
(102, 1, 1, 'Tourist Visa (30 Days)', 'Standard Processing', 'realme11119412@gmail.com', '78954656254', 2500.00, 'INR', 'paid', 'initiated', '2026-02-23 11:08:20', '2026-02-23 11:08:20'),
(103, 1, 1, 'Tourist Visa (30 Days)', 'Standard Processing', 'realme11119412@gmail.com', '78984515444', 2500.00, 'INR', 'paid', 'initiated', '2026-02-23 11:21:11', '2026-02-23 11:21:11'),
(104, 1, 2, 'Digital Arrival  Card', 'Standard Processing', 'kjsdfh@sdkljg.com', '1234567890', 100.00, 'INR', 'paid', 'initiated', '2026-02-23 15:42:27', '2026-02-23 15:42:27'),
(105, 1, 1, 'Tourist Visa (30 Days)', 'Standard Processing', 'gauravrajuthakur@gmail.com', '78985632563', 2500.00, 'INR', 'paid', 'initiated', '2026-02-24 07:01:55', '2026-02-24 07:01:55'),
(106, 1, 2, 'Digital Arrival  Card', 'Standard Processing', 'realme11119412@gmail.com', '78954565145', 100.00, 'INR', 'paid', 'initiated', '2026-02-24 07:17:44', '2026-02-24 07:17:44'),
(107, 1, 1, 'Tourist Visa (30 Days)', 'Standard Processing', 'gauravrajuthakur@gmail.com', '789854565655', 2500.00, 'INR', 'paid', 'initiated', '2026-02-24 08:59:48', '2026-02-24 08:59:48'),
(108, 1, 2, 'Digital Arrival  Card', 'Standard Processing', 'realme11119412@gmail.com', '78985554656', 100.00, 'INR', 'paid', 'initiated', '2026-02-24 10:09:41', '2026-02-24 10:09:41'),
(109, 1, 2, 'Digital Arrival  Card', 'Standard Processing', 'gauravrajuthakur@gmail.com', '789854898546', 100.00, 'INR', 'paid', 'initiated', '2026-02-24 11:20:58', '2026-02-24 11:20:58'),
(110, 1, 2, 'Digital Arrival  Card', 'Standard Processing', 'realme11119412@gmail.com', '7895456565', 100.00, 'INR', 'paid', 'initiated', '2026-02-25 07:34:31', '2026-02-25 07:34:31'),
(111, 1, 2, 'Digital Arrival  Card', 'Standard Processing', 'realme11119412@gmail.com', '789854655644', 100.00, 'INR', 'paid', 'initiated', '2026-02-25 07:54:19', '2026-02-25 07:54:19'),
(112, 1, 2, 'Digital Arrival  Card', 'Standard Processing', 'realme11119412@gmail.com', '78985652565', 100.00, 'INR', 'paid', 'initiated', '2026-02-25 08:04:35', '2026-02-25 08:04:35'),
(113, 1, 2, 'Digital Arrival  Card', 'Standard Processing', 'primary@gmail.com', '1234567890', 100.00, 'INR', 'paid', 'initiated', '2026-02-25 08:33:56', '2026-02-25 08:33:56'),
(114, 1, 2, 'Digital Arrival  Card', 'Standard Processing', 'p@gmial.com', '1234567890', 100.00, 'INR', 'paid', 'initiated', '2026-02-25 08:58:45', '2026-02-25 08:58:45'),
(115, 1, 2, 'Digital Arrival  Card', 'Standard Processing', 'P@gmail.com', '10239102938', 100.00, 'INR', 'paid', 'initiated', '2026-02-25 09:29:44', '2026-02-25 09:29:44'),
(116, 1, 2, 'Digital Arrival  Card', 'Standard Processing', 'realme11119412@gmail.com', '1234567890', 100.00, 'INR', 'paid', 'initiated', '2026-02-25 11:15:52', '2026-02-25 11:15:52'),
(117, 1, 2, 'Digital Arrival  Card', 'Standard Processing', 'p@gmail.com', '1023749282', 100.00, 'INR', 'paid', 'initiated', '2026-02-26 07:09:53', '2026-02-26 07:09:53'),
(118, 1, 2, 'Digital Arrival  Card', 'Standard Processing', 'realme11119412@gmail.com', '78984789656', 1.00, 'INR', 'paid', 'initiated', '2026-02-26 07:15:47', '2026-02-26 07:15:47'),
(119, 1, 2, 'Digital Arrival  Card', 'Standard Processing', 'realme11119412@gmail.com', '258788541265', 1.00, 'INR', 'paid', 'initiated', '2026-02-26 07:26:29', '2026-02-26 07:26:29'),
(120, 1, 2, 'Digital Arrival  Card', 'Standard Processing', 'gauravrajuthakur@gmail.com', '898745965654', 1.00, 'INR', 'paid', 'initiated', '2026-02-26 07:32:01', '2026-02-26 07:32:01'),
(121, 1, 2, 'Digital Arrival  Card', 'Standard Processing', 'realme11119412@gmail.com', '78945652325', 1.00, 'INR', 'paid', 'initiated', '2026-02-26 07:57:33', '2026-02-26 07:57:33'),
(122, 1, 1, 'Tourist Visa (30 Days)', 'Standard Processing', 'realme11119412@gmail.com', '78985456546', 2500.00, 'INR', 'paid', 'initiated', '2026-02-26 08:10:06', '2026-02-26 08:10:06'),
(123, 1, 1, 'Tourist Visa (30 Days)', 'Standard Processing', 'realme11119412@gmail.com', '78748475845', 2500.00, 'INR', 'paid', 'initiated', '2026-02-26 08:18:43', '2026-02-26 08:18:43'),
(124, 1, 2, 'Digital Arrival  Card', 'Standard Processing', 'p@gmail.com', '1234567890', 1.00, 'INR', 'paid', 'initiated', '2026-02-26 09:08:02', '2026-02-26 09:08:02'),
(125, 1, 2, 'Digital Arrival  Card', 'Standard Processing', 'realme11119142@gmail.com', '1234567890', 1.00, 'INR', 'paid', 'initiated', '2026-02-26 09:31:15', '2026-02-26 09:31:15'),
(126, 1, 2, 'Digital Arrival  Card', 'Standard Processing', 'gauravrajuthakur@gmail.com', '1234567890', 1.00, 'INR', 'paid', 'initiated', '2026-02-26 09:46:02', '2026-02-26 09:46:02'),
(127, 1, 2, 'Digital Arrival  Card', 'Standard Processing', 'gauravrajuthakur@gmail.com', '1234567890', 1.00, 'INR', 'paid', 'initiated', '2026-02-26 09:49:16', '2026-02-26 09:49:16'),
(128, 1, 2, 'Digital Arrival  Card', 'Standard Processing', 'gauravrajuthakur@gmail.com', '1234567890', 1.00, 'INR', 'paid', 'initiated', '2026-02-26 10:22:49', '2026-02-26 10:22:49'),
(129, 1, 1, 'Tourist Visa (30 Days)', 'Standard Processing', 'alispatel123098@gmail.com', '8511235658', 2500.00, 'INR', 'paid', 'initiated', '2026-02-26 10:37:07', '2026-02-26 10:37:07'),
(130, 1, 2, 'Digital Arrival  Card', 'Standard Processing', 'gauravrajuthakur@gmail.com', '1234567890', 100.00, 'INR', 'paid', 'initiated', '2026-02-27 06:07:34', '2026-02-27 06:07:34'),
(131, 1, 2, 'Digital Arrival  Card', 'Standard Processing', 'asinghvns99@gmail.com', '8924889486', 100.00, 'INR', 'paid', 'initiated', '2026-03-05 19:02:41', '2026-03-05 19:02:41'),
(132, 1, 2, 'Digital Arrival  Card', 'Standard Processing', 'realme11119412@gmail.com', '1234567890', 100.00, 'INR', 'paid', 'initiated', '2026-03-10 10:42:35', '2026-03-10 10:42:35'),
(133, 1, 2, 'Digital Arrival  Card', 'Standard Processing', 'realme11119142@gmail.com', '0987654321', 100.00, 'INR', 'paid', 'initiated', '2026-03-12 09:59:37', '2026-03-12 09:59:37'),
(134, 1, 2, 'Digital Arrival  Card', 'Standard Processing', 'realme11119412@gmail.com', '0987654321', 100.00, 'INR', 'paid', 'initiated', '2026-03-13 09:25:24', '2026-03-13 09:25:24'),
(135, 1, 2, 'Digital Arrival  Card', 'Standard Processing', 'realme11119412@gmail.com', '3682587268', 100.00, 'INR', 'paid', 'initiated', '2026-03-18 06:31:29', '2026-03-18 06:31:29'),
(136, 1, 2, 'Digital Arrival  Card', 'Standard Processing', 'realme11119412@gmail.com', '0987654321', 100.00, 'INR', 'paid', 'initiated', '2026-03-31 10:18:59', '2026-03-31 10:18:59');

-- --------------------------------------------------------

--
-- Table structure for table `visa_types`
--

CREATE TABLE `visa_types` (
  `id` int(11) NOT NULL,
  `country_id` int(11) NOT NULL,
  `name` varchar(255) NOT NULL,
  `price` decimal(10,2) NOT NULL,
  `currency` varchar(10) DEFAULT 'INR',
  `description` text DEFAULT NULL,
  `processing_time` varchar(255) DEFAULT 'Standard Processing',
  `created_at` timestamp NULL DEFAULT current_timestamp(),
  `video_url` varchar(255) DEFAULT NULL
) ENGINE=InnoDB DEFAULT CHARSET=utf8mb4 COLLATE=utf8mb4_unicode_ci;

--
-- Dumping data for table `visa_types`
--

INSERT INTO `visa_types` (`id`, `country_id`, `name`, `price`, `currency`, `description`, `processing_time`, `created_at`, `video_url`) VALUES
(2, 1, 'Digital Arrival  Card', 100.00, 'INR', 'Processed in 78 hours', 'Standard Processing', '2026-02-19 08:33:27', NULL);

--
-- Indexes for dumped tables
--

--
-- Indexes for table `admins`
--
ALTER TABLE `admins`
  ADD PRIMARY KEY (`id`),
  ADD UNIQUE KEY `username` (`username`);

--
-- Indexes for table `applicants`
--
ALTER TABLE `applicants`
  ADD PRIMARY KEY (`id`),
  ADD UNIQUE KEY `uniq_order_applicant` (`order_id`,`applicant_no`),
  ADD KEY `idx_applicants_order` (`order_id`);

--
-- Indexes for table `applicant_answers`
--
ALTER TABLE `applicant_answers`
  ADD PRIMARY KEY (`id`),
  ADD UNIQUE KEY `uniq_applicant_question` (`applicant_id`,`question_id`),
  ADD KEY `order_id` (`order_id`),
  ADD KEY `idx_answers_applicant` (`applicant_id`),
  ADD KEY `idx_answers_question` (`question_id`);

--
-- Indexes for table `applicant_files`
--
ALTER TABLE `applicant_files`
  ADD PRIMARY KEY (`id`),
  ADD KEY `order_id` (`order_id`),
  ADD KEY `question_id` (`question_id`),
  ADD KEY `idx_files_applicant` (`applicant_id`);

--
-- Indexes for table `countries`
--
ALTER TABLE `countries`
  ADD PRIMARY KEY (`id`),
  ADD UNIQUE KEY `country_code` (`country_code`);

--
-- Indexes for table `country_questions`
--
ALTER TABLE `country_questions`
  ADD PRIMARY KEY (`id`),
  ADD UNIQUE KEY `uniq_country_field` (`country_id`,`field_key`);

--
-- Indexes for table `payments`
--
ALTER TABLE `payments`
  ADD PRIMARY KEY (`id`),
  ADD KEY `idx_payments_order` (`order_id`);

--
-- Indexes for table `question_options`
--
ALTER TABLE `question_options`
  ADD PRIMARY KEY (`id`),
  ADD KEY `question_id` (`question_id`);

--
-- Indexes for table `visa_orders`
--
ALTER TABLE `visa_orders`
  ADD PRIMARY KEY (`id`),
  ADD KEY `country_id` (`country_id`),
  ADD KEY `fk_visa_orders_visa_type` (`visa_type_id`);

--
-- Indexes for table `visa_types`
--
ALTER TABLE `visa_types`
  ADD PRIMARY KEY (`id`),
  ADD KEY `idx_visa_types_country` (`country_id`);

--
-- AUTO_INCREMENT for dumped tables
--

--
-- AUTO_INCREMENT for table `admins`
--
ALTER TABLE `admins`
  MODIFY `id` int(11) NOT NULL AUTO_INCREMENT, AUTO_INCREMENT=2;

--
-- AUTO_INCREMENT for table `applicants`
--
ALTER TABLE `applicants`
  MODIFY `id` bigint(20) NOT NULL AUTO_INCREMENT, AUTO_INCREMENT=140;

--
-- AUTO_INCREMENT for table `applicant_answers`
--
ALTER TABLE `applicant_answers`
  MODIFY `id` bigint(20) NOT NULL AUTO_INCREMENT, AUTO_INCREMENT=1952;

--
-- AUTO_INCREMENT for table `applicant_files`
--
ALTER TABLE `applicant_files`
  MODIFY `id` bigint(20) NOT NULL AUTO_INCREMENT, AUTO_INCREMENT=336;

--
-- AUTO_INCREMENT for table `countries`
--
ALTER TABLE `countries`
  MODIFY `id` int(11) NOT NULL AUTO_INCREMENT, AUTO_INCREMENT=2;

--
-- AUTO_INCREMENT for table `country_questions`
--
ALTER TABLE `country_questions`
  MODIFY `id` int(11) NOT NULL AUTO_INCREMENT, AUTO_INCREMENT=34;

--
-- AUTO_INCREMENT for table `payments`
--
ALTER TABLE `payments`
  MODIFY `id` bigint(20) NOT NULL AUTO_INCREMENT, AUTO_INCREMENT=103;

--
-- AUTO_INCREMENT for table `question_options`
--
ALTER TABLE `question_options`
  MODIFY `id` int(11) NOT NULL AUTO_INCREMENT, AUTO_INCREMENT=24;

--
-- AUTO_INCREMENT for table `visa_orders`
--
ALTER TABLE `visa_orders`
  MODIFY `id` bigint(20) NOT NULL AUTO_INCREMENT, AUTO_INCREMENT=137;

--
-- AUTO_INCREMENT for table `visa_types`
--
ALTER TABLE `visa_types`
  MODIFY `id` int(11) NOT NULL AUTO_INCREMENT, AUTO_INCREMENT=5;

--
-- Constraints for dumped tables
--

--
-- Constraints for table `applicants`
--
ALTER TABLE `applicants`
  ADD CONSTRAINT `applicants_ibfk_1` FOREIGN KEY (`order_id`) REFERENCES `visa_orders` (`id`) ON DELETE CASCADE;

--
-- Constraints for table `applicant_answers`
--
ALTER TABLE `applicant_answers`
  ADD CONSTRAINT `applicant_answers_ibfk_1` FOREIGN KEY (`order_id`) REFERENCES `visa_orders` (`id`) ON DELETE CASCADE,
  ADD CONSTRAINT `applicant_answers_ibfk_2` FOREIGN KEY (`applicant_id`) REFERENCES `applicants` (`id`) ON DELETE CASCADE,
  ADD CONSTRAINT `applicant_answers_ibfk_3` FOREIGN KEY (`question_id`) REFERENCES `country_questions` (`id`) ON DELETE CASCADE;

--
-- Constraints for table `applicant_files`
--
ALTER TABLE `applicant_files`
  ADD CONSTRAINT `applicant_files_ibfk_1` FOREIGN KEY (`order_id`) REFERENCES `visa_orders` (`id`) ON DELETE CASCADE,
  ADD CONSTRAINT `applicant_files_ibfk_2` FOREIGN KEY (`applicant_id`) REFERENCES `applicants` (`id`) ON DELETE CASCADE,
  ADD CONSTRAINT `applicant_files_ibfk_3` FOREIGN KEY (`question_id`) REFERENCES `country_questions` (`id`) ON DELETE CASCADE;

--
-- Constraints for table `country_questions`
--
ALTER TABLE `country_questions`
  ADD CONSTRAINT `country_questions_ibfk_1` FOREIGN KEY (`country_id`) REFERENCES `countries` (`id`) ON DELETE CASCADE;

--
-- Constraints for table `payments`
--
ALTER TABLE `payments`
  ADD CONSTRAINT `payments_ibfk_1` FOREIGN KEY (`order_id`) REFERENCES `visa_orders` (`id`) ON DELETE CASCADE;

--
-- Constraints for table `question_options`
--
ALTER TABLE `question_options`
  ADD CONSTRAINT `question_options_ibfk_1` FOREIGN KEY (`question_id`) REFERENCES `country_questions` (`id`) ON DELETE CASCADE;

--
-- Constraints for table `visa_orders`
--
ALTER TABLE `visa_orders`
  ADD CONSTRAINT `fk_visa_orders_visa_type` FOREIGN KEY (`visa_type_id`) REFERENCES `visa_types` (`id`),
  ADD CONSTRAINT `visa_orders_ibfk_1` FOREIGN KEY (`country_id`) REFERENCES `countries` (`id`);

--
-- Constraints for table `visa_types`
--
ALTER TABLE `visa_types`
  ADD CONSTRAINT `visa_types_ibfk_1` FOREIGN KEY (`country_id`) REFERENCES `countries` (`id`) ON DELETE CASCADE;
COMMIT;

/*!40101 SET CHARACTER_SET_CLIENT=@OLD_CHARACTER_SET_CLIENT */;
/*!40101 SET CHARACTER_SET_RESULTS=@OLD_CHARACTER_SET_RESULTS */;
/*!40101 SET COLLATION_CONNECTION=@OLD_COLLATION_CONNECTION */;
